Product Name,Product ID,Price per kg,Price per unit,Brand,Category,Image URL,Minimum Quantity,Product Link,cgid,tracking_date,source
Mini Pizzas de Fiambre e Queijo,3052221,4.75,"€17,59/kg",Buitoni Piccolinis,Congelados/Pizzas,https://www.continente.pt/dw/image/v2/BDVS_PRD/on/demandware.static/-/Sites-col-master-catalog/default/dw11a9e0f2/images/col/305/3052221-hero.jpg?sw=280&sh=280,emb. 270 gr (9 un),https://www.continente.pt/produto/mini-pizzas-de-fiambre-e-queijo-buitoni-piccolinis-3052221.html,congelados,2024-11-15,Continente
Hambúrguer de Frango sem Glúten e Batatas Palitos Micro-ondas,7917961,5.39,"€12,25/kg",Iglo,Congelados/Hambúrgueres e Almôndegas,https://www.continente.pt/dw/image/v2/BDVS_PRD/on/demandware.static/-/Sites-col-master-catalog/default/dwc96ea4bc/images/col/791/7917961-frente.jpg?sw=280&sh=280,emb. 240 gr (4 un) + 200 gr,https://www.continente.pt/produto/hamburguer-de-frango-sem-gluten-e-batatas-palitos-micro-ondas-iglo-7917961.html,congelados,2024-11-15,Continente
Mimos de Pescada do Cabo Ultracongelados,5014116,9.99,"€9,99/kg",Pescanova,"Frescos/Peixaria/Filetes, Lombos e Postas/Congelado",https://www.continente.pt/dw/image/v2/BDVS_PRD/on/demandware.static/-/Sites-col-master-catalog/default/dw583a99e9/images/col/501/5014116-frente.jpg?sw=280&sh=280,emb. 1 kg,https://www.continente.pt/produto/mimos-de-pescada-do-cabo-ultracongelados-pescanova-5014116.html,congelados,2024-11-15,Continente
Gelado Cone Morango 6 unidades,5564190,5.49,"€10,17/lt",Cornetto,Congelados/Gelados/Gelados de Cone,https://www.continente.pt/dw/image/v2/BDVS_PRD/on/demandware.static/-/Sites-col-master-catalog/default/dw75e7c327/images/col/556/5564190-hero.jpg?sw=280&sh=280,emb. 540 ml (6 un),https://www.continente.pt/produto/gelado-cone-morango-6-unidades-cornetto-5564190.html,congelados,2024-11-15,Continente
Ervilhas,4882816,4.45,"€3,96/kg",Iglo,Congelados/Frutas e Legumes/Legumes,https://www.continente.pt/dw/image/v2/BDVS_PRD/on/demandware.static/-/Sites-col-master-catalog/default/dwa6c74b6c/images/col/488/4882816-frente.jpg?sw=280&sh=280,"emb. 1,125 kg",https://www.continente.pt/produto/ervilhas-iglo-4882816.html,congelados,2024-11-15,Continente
Batata Gomos Mediterranean,3911249,3.79,"€5,05/kg",McCain,Congelados/Batata Frita e Puré,https://www.continente.pt/dw/image/v2/BDVS_PRD/on/demandware.static/-/Sites-col-master-catalog/default/dwcbae9665/images/col/391/3911249-frente.png?sw=280&sh=280,emb. 750 gr,https://www.continente.pt/produto/batata-gomos-mediterranean-mccain-3911249.html,congelados,2024-11-15,Continente
Pizza Ristorante de Pepperoni e Salame,3002399,3.69,"€11,53/kg",Ristorante,Congelados/Pizzas,https://www.continente.pt/dw/image/v2/BDVS_PRD/on/demandware.static/-/Sites-col-master-catalog/default/dw6e1ecc2c/images/col/300/3002399-direito.png?sw=280&sh=280,emb. 337 gr,https://www.continente.pt/produto/pizza-ristorante-de-pepperoni-e-salame-ristorante-3002399.html,congelados,2024-11-15,Continente
Croquetes de Carne,7163251,2.79,"€8,72/kg",Continente,"Congelados/Salgados, Folhados e Pastelaria/Salgados",https://www.continente.pt/dw/image/v2/BDVS_PRD/on/demandware.static/-/Sites-col-master-catalog/default/dw9677cb4f/images/col/716/7163251-hero.jpg?sw=280&sh=280,emb. 320 gr (10 un),https://www.continente.pt/produto/croquetes-de-carne-continente-7163251.html,congelados,2024-11-15,Continente
Porções de Salmão Ultracongelado,3738132,13.99,"€27,98/kg",Royal Greenland,"Frescos/Peixaria/Filetes, Lombos e Postas/Congelado",https://www.continente.pt/dw/image/v2/BDVS_PRD/on/demandware.static/-/Sites-col-master-catalog/default/dw185f4d7d/images/col/373/3738132-frente.jpg?sw=280&sh=280,5 un x 100 gr (500 gr),https://www.continente.pt/produto/porcoes-de-salmao-ultracongelado-royal-greenland-3738132.html,congelados,2024-11-15,Continente
Crocantes de Frango Parmesão e Ervas,5779700,3.74,"€20,78/kg",Iglo,Congelados/Nuggets e Crocantes,https://www.continente.pt/dw/image/v2/BDVS_PRD/on/demandware.static/-/Sites-col-master-catalog/default/dwbca393f0/images/col/577/5779700-direito.jpg?sw=280&sh=280,emb. 180 gr (2 un),https://www.continente.pt/produto/crocantes-de-frango-parmesao-e-ervas-iglo-5779700.html,congelados,2024-11-15,Continente
Miolo de Camarão Grande 40/60 Ultracongelado,5691213,4.59,"€22,95/kg",Pescanova,Frescos/Peixaria/Marisco/Congelado,https://www.continente.pt/dw/image/v2/BDVS_PRD/on/demandware.static/-/Sites-col-master-catalog/default/dwd0fa62ae/images/col/569/5691213-frente.jpg?sw=280&sh=280,emb. 200 gr,https://www.continente.pt/produto/miolo-de-camarao-grande-40-60-ultracongelado-pescanova-5691213.html,congelados,2024-11-15,Continente
Esparregado de Espinafres,5593773,3.49,"€4,65/kg",Iglo,Congelados/Frutas e Legumes/Legumes,https://www.continente.pt/dw/image/v2/BDVS_PRD/on/demandware.static/-/Sites-col-master-catalog/default/dw09b35d08/images/col/559/5593773-direito.jpg?sw=280&sh=280,emb. 750 gr,https://www.continente.pt/produto/esparregado-de-espinafres-iglo-5593773.html,congelados,2024-11-15,Continente
Gelado Cookie Dough,7109616,6.79,"€14,60/lt",Ben & Jerrys,Congelados/Gelados/Gelados Americanos,https://www.continente.pt/dw/image/v2/BDVS_PRD/on/demandware.static/-/Sites-col-master-catalog/default/dw31ab2a4e/images/col/710/7109616-hero.jpg?sw=280&sh=280,emb. 465 ml,https://www.continente.pt/produto/gelado-cookie-dough-ben-jerrys-7109616.html,congelados,2024-11-15,Continente
Pão de Queijo,7055967,2.69,"€8,97/kg",Continente Seleção,"Congelados/Salgados, Folhados e Pastelaria/Pão de Alho e Pão de Queijo",https://www.continente.pt/dw/image/v2/BDVS_PRD/on/demandware.static/-/Sites-col-master-catalog/default/dw4821eeb7/images/col/705/7055967-frente.jpg?sw=280&sh=280,emb. 300 gr (12 un),https://www.continente.pt/produto/pao-de-queijo-continente-selecao-7055967.html,congelados,2024-11-15,Continente
Almôndegas de Proteína Vegetal,7207960,5.34,"€22,25/kg",Iglo Green Cuisine,Congelados/Hambúrgueres e Almôndegas,https://www.continente.pt/dw/image/v2/BDVS_PRD/on/demandware.static/-/Sites-col-master-catalog/default/dwe32aa314/images/col/720/7207960-frente.jpg?sw=280&sh=280,emb. 240 gr (10 un),https://www.continente.pt/produto/almondegas-de-proteina-vegetal-iglo-green-cuisine-7207960.html,congelados,2024-11-15,Continente
Gelado Perna de Pau,4704539,4.99,"€11,88/lt",Olá,Congelados/Gelados/Gelados Infantis,https://www.continente.pt/dw/image/v2/BDVS_PRD/on/demandware.static/-/Sites-col-master-catalog/default/dw5246defe/images/col/470/4704539-hero.jpg?sw=280&sh=280,emb. 420 ml (6 un),https://www.continente.pt/produto/gelado-perna-de-pau-ola-4704539.html,congelados,2024-11-15,Continente
Açaí Biológico,8021790,8.99,"€19,01/kg",Oakberry,Congelados/Frutas e Legumes/Frutas,https://www.continente.pt/dw/image/v2/BDVS_PRD/on/demandware.static/-/Sites-col-master-catalog/default/dw15f85d23/images/col/802/8021790-frente.jpg?sw=280&sh=280,emb. 473 ml,https://www.continente.pt/produto/acai-biologico-oakberry-8021790.html,congelados,2024-11-15,Continente
Batata Palitos Golden Long,2241870,3.99,"€3,99/kg",McCain,Congelados/Batata Frita e Puré,https://www.continente.pt/dw/image/v2/BDVS_PRD/on/demandware.static/-/Sites-col-master-catalog/default/dw555daa31/images/col/224/2241870-frente.png?sw=280&sh=280,emb. 1 kg,https://www.continente.pt/produto/batata-palitos-golden-long-mccain-2241870.html,congelados,2024-11-15,Continente
Pizza Rústica Royale,7052742,5.19,"€9,03/kg",Rústica,Congelados/Pizzas,https://www.continente.pt/dw/image/v2/BDVS_PRD/on/demandware.static/-/Sites-col-master-catalog/default/dw44d87e83/images/col/705/7052742-direito.png?sw=280&sh=280,emb. 575 gr,https://www.continente.pt/produto/pizza-rustica-royale-rustica-7052742.html,congelados,2024-11-15,Continente
Lombos de Salmão ASC Ultracongelado,6635820,12.99,"€25,98/kg",Continente,"Frescos/Peixaria/Filetes, Lombos e Postas/Congelado",https://www.continente.pt/dw/image/v2/BDVS_PRD/on/demandware.static/-/Sites-col-master-catalog/default/dwddcec5ad/images/col/663/6635820-frente.jpg?sw=280&sh=280,4 un x 125 gr (500 gr),https://www.continente.pt/produto/lombos-de-salmao-asc-ultracongelado-continente-6635820.html,congelados,2024-11-15,Continente
Brócolos,7759026,1.88,"€1,88/kg",Continente,Congelados/Frutas e Legumes/Legumes,https://www.continente.pt/dw/image/v2/BDVS_PRD/on/demandware.static/-/Sites-col-master-catalog/default/dw84e35dc0/images/col/775/7759026-frente.jpg?sw=280&sh=280,emb. 1 kg,https://www.continente.pt/produto/brocolos-continente-7759026.html,congelados,2024-11-15,Continente
Bacalhau Desfiado MSC Demolhado Ultracongelado,7291007,5.49,"€10,98/kg",Continente,Frescos/Peixaria/Bacalhau/Congelado,https://www.continente.pt/dw/image/v2/BDVS_PRD/on/demandware.static/-/Sites-col-master-catalog/default/dw14479e00/images/col/729/7291007-frente.jpg?sw=280&sh=280,emb. 500 gr,https://www.continente.pt/produto/bacalhau-desfiado-msc-demolhado-ultracongelado-continente-7291007.html,congelados,2024-11-15,Continente
Ervilhas,6881807,1.38,"€1,38/kg",Continente,Congelados/Frutas e Legumes/Legumes,https://www.continente.pt/dw/image/v2/BDVS_PRD/on/demandware.static/-/Sites-col-master-catalog/default/dwc1780928/images/col/688/6881807-frente.jpg?sw=280&sh=280,emb. 1 kg,https://www.continente.pt/produto/ervilhas-continente-6881807.html,congelados,2024-11-15,Continente
Cebola Picada,8028031,1.49,"€2,48/kg",Continente,Congelados/Frutas e Legumes/Legumes,https://www.continente.pt/dw/image/v2/BDVS_PRD/on/demandware.static/-/Sites-col-master-catalog/default/dw8be04275/images/col/802/8028031-frente.png?sw=280&sh=280,emb. 600 gr,https://www.continente.pt/produto/cebola-picada-continente-8028031.html,congelados,2024-11-15,Continente
Alho Picado,2907529,1.19,"€7,93/kg",Continente,Congelados/Frutas e Legumes/Legumes,https://www.continente.pt/dw/image/v2/BDVS_PRD/on/demandware.static/-/Sites-col-master-catalog/default/dwb4068c82/images/col/290/2907529-hero.jpg?sw=280&sh=280,emb. 150 gr,https://www.continente.pt/produto/alho-picado-continente-2907529.html,congelados,2024-11-15,Continente
Lombos de Bacalhau da Noruega MSC Demolhado Ultracongelado,7291113,12.99,"€16,24/kg",Continente,Frescos/Peixaria/Bacalhau/Congelado,https://www.continente.pt/dw/image/v2/BDVS_PRD/on/demandware.static/-/Sites-col-master-catalog/default/dw287aec2f/images/col/729/7291113-frente.jpg?sw=280&sh=280,emb. 800 gr,https://www.continente.pt/produto/lombos-de-bacalhau-da-noruega-msc-demolhado-ultracongelado-continente-7291113.html,congelados,2024-11-15,Continente
Abóbora aos Pedaços,7400655,1.98,"€2,64/kg",Continente,Congelados/Frutas e Legumes/Legumes,https://www.continente.pt/dw/image/v2/BDVS_PRD/on/demandware.static/-/Sites-col-master-catalog/default/dwad0b1bf6/images/col/740/7400655-frente.jpg?sw=280&sh=280,emb. 750 gr,https://www.continente.pt/produto/abobora-aos-pedacos-continente-7400655.html,congelados,2024-11-15,Continente
Espinafres em Folha,2839624,1.19,"€1,59/kg",Continente,Congelados/Frutas e Legumes/Legumes,https://www.continente.pt/dw/image/v2/BDVS_PRD/on/demandware.static/-/Sites-col-master-catalog/default/dw7b5f5114/images/col/283/2839624-hero.jpg?sw=280&sh=280,emb. 750 gr,https://www.continente.pt/produto/espinafres-em-folha-continente-2839624.html,congelados,2024-11-15,Continente
Miolo de Camarão Selvagem 20/40 Congelado,7147180,5.99,"€14,97/kg",Continente,Frescos/Peixaria/Marisco/Congelado,https://www.continente.pt/dw/image/v2/BDVS_PRD/on/demandware.static/-/Sites-col-master-catalog/default/dwfa259268/images/col/714/7147180-frente.jpg?sw=280&sh=280,emb. 400 gr,https://www.continente.pt/produto/miolo-de-camarao-selvagem-20-40-congelado-continente-7147180.html,congelados,2024-11-15,Continente
Couve Flor,7973094,1.38,"€1,84/kg",Continente,Congelados/Frutas e Legumes/Legumes,https://www.continente.pt/dw/image/v2/BDVS_PRD/on/demandware.static/-/Sites-col-master-catalog/default/dw34b948ff/images/col/797/7973094-frente.jpg?sw=280&sh=280,emb. 750 gr,https://www.continente.pt/produto/couve-flor-continente-7973094.html,congelados,2024-11-15,Continente
Medalhões de Salmão Ultracongelado,7656035,11.49,"€28,72/kg",Pescanova,"Frescos/Peixaria/Filetes, Lombos e Postas/Congelado",https://www.continente.pt/dw/image/v2/BDVS_PRD/on/demandware.static/-/Sites-col-master-catalog/default/dw90e92b44/images/col/765/7656035-frente.jpg?sw=280&sh=280,emb. 400 gr,https://www.continente.pt/produto/medalhoes-de-salmao-ultracongelado-pescanova-7656035.html,congelados,2024-11-15,Continente
Os Gelados Irresistíveis,food107magnum,9.48,,,Congelados/Gelados/Gelados de Pauzinho,https://www.continente.pt/dw/image/v2/BDVS_PRD/on/demandware.static/-/Sites-col-master-catalog/default/dwae2dfa94/images/col/foo/food107magnum-frente.jpg?sw=280&sh=280,,https://www.continente.pt/produto/os-gelados-irresistiveis-food107magnum.html,congelados,2024-11-15,Continente
Filetes de Robalo ASC Ultracongelado,7415730,5.99,"€29,95/kg",Iglo,"Frescos/Peixaria/Filetes, Lombos e Postas/Congelado",https://www.continente.pt/dw/image/v2/BDVS_PRD/on/demandware.static/-/Sites-col-master-catalog/default/dwb92347e0/images/col/741/7415730-direito.jpg?sw=280&sh=280,2 un x 100 gr (200 gr),https://www.continente.pt/produto/filetes-de-robalo-asc-ultracongelado-iglo-7415730.html,congelados,2024-11-15,Continente
Nuggets de Frango,5784385,12.99,"€12,47/kg",Capitão Iglo,Congelados/Nuggets e Crocantes,https://www.continente.pt/dw/image/v2/BDVS_PRD/on/demandware.static/-/Sites-col-master-catalog/default/dwc6e8e426/images/col/578/5784385-frente.jpg?sw=280&sh=280,"emb. 1,042 kg (50 un)",https://www.continente.pt/produto/nuggets-de-frango-capitao-iglo-5784385.html,congelados,2024-11-15,Continente
Douradinhos de Peixe Ómega-3,7227707,13.99,"€9,82/kg",Capitão Iglo,Congelados/Douradinhos e Filetes,https://www.continente.pt/dw/image/v2/BDVS_PRD/on/demandware.static/-/Sites-col-master-catalog/default/dw6572e8d1/images/col/722/7227707-frente.jpg?sw=280&sh=280,"emb. 1,4 kg (50 un)",https://www.continente.pt/produto/douradinhos-de-peixe-omega-3-capitao-iglo-7227707.html,congelados,2024-11-15,Continente
Puré de Batata com Noz Moscada,6531407,2.49,"€2,49/kg",Continente,Congelados/Batata Frita e Puré,https://www.continente.pt/dw/image/v2/BDVS_PRD/on/demandware.static/-/Sites-col-master-catalog/default/dw6767ffe8/images/col/653/6531407-hero.jpg?sw=280&sh=280,emb. 1 kg,https://www.continente.pt/produto/pure-de-batata-com-noz-moscada-continente-6531407.html,congelados,2024-11-15,Continente
Favas,5494869,3.99,"€5,70/kg",Iglo,Congelados/Frutas e Legumes/Legumes,https://www.continente.pt/dw/image/v2/BDVS_PRD/on/demandware.static/-/Sites-col-master-catalog/default/dw9f428b2e/images/col/549/5494869-frente.jpg?sw=280&sh=280,emb. 700 gr,https://www.continente.pt/produto/favas-iglo-5494869.html,congelados,2024-11-15,Continente
Favas,5520179,1.99,"€1,99/kg",Continente,Congelados/Frutas e Legumes/Legumes,https://www.continente.pt/dw/image/v2/BDVS_PRD/on/demandware.static/-/Sites-col-master-catalog/default/dw2f8c2a12/images/col/552/5520179-hero.jpg?sw=280&sh=280,emb. 1 kg,https://www.continente.pt/produto/favas-continente-5520179.html,congelados,2024-11-15,Continente
Pizza Mozzarella,7334025,2.19,"€6,17/kg",Continente,Congelados/Pizzas,https://www.continente.pt/dw/image/v2/BDVS_PRD/on/demandware.static/-/Sites-col-master-catalog/default/dw6ef89d93/images/col/733/7334025-frente.jpg?sw=280&sh=280,emb. 335 gr,https://www.continente.pt/produto/pizza-mozzarella-continente-7334025.html,congelados,2024-11-15,Continente
Salsa Picada,2907539,1.69,"€11,27/kg",Continente,Congelados/Frutas e Legumes/Legumes,https://www.continente.pt/dw/image/v2/BDVS_PRD/on/demandware.static/-/Sites-col-master-catalog/default/dw234d5815/images/col/290/2907539-hero.jpg?sw=280&sh=280,emb. 150 gr,https://www.continente.pt/produto/salsa-picada-continente-2907539.html,congelados,2024-11-15,Continente
Batata Palitos Julienne para Airfryer,7834379,3.69,"€6,15/kg",McCain,Congelados/Batata Frita e Puré,https://www.continente.pt/dw/image/v2/BDVS_PRD/on/demandware.static/-/Sites-col-master-catalog/default/dwbe41f1d0/images/col/783/7834379-frente.png?sw=280&sh=280,emb. 600 gr,https://www.continente.pt/produto/batata-palitos-julienne-para-airfryer-mccain-7834379.html,congelados,2024-11-15,Continente
Douradinhos de Frango,4882809,3.49,"€13,96/kg",Capitão Iglo,Congelados/Douradinhos e Filetes,https://www.continente.pt/dw/image/v2/BDVS_PRD/on/demandware.static/-/Sites-col-master-catalog/default/dwe980fd09/images/col/488/4882809-direito.jpg?sw=280&sh=280,emb. 250 gr (10 un),https://www.continente.pt/produto/douradinhos-de-frango-capitao-iglo-4882809.html,congelados,2024-11-15,Continente
Miolo de Camarão Selvagem 10/30 Congelado,7072880,4.49,"€17,96/kg",Continente,Frescos/Peixaria/Marisco/Congelado,https://www.continente.pt/dw/image/v2/BDVS_PRD/on/demandware.static/-/Sites-col-master-catalog/default/dwbf4ddf14/images/col/707/7072880-frente.jpg?sw=280&sh=280,emb. 250 gr,https://www.continente.pt/produto/miolo-de-camarao-selvagem-10-30-congelado-continente-7072880.html,congelados,2024-11-15,Continente
Filetes de Pescada do Cabo Ultracongelada,4970019,3.99,"€9,97/kg",Continente,"Congelados/Peixe, Marisco e Carne/Peixe",https://www.continente.pt/dw/image/v2/BDVS_PRD/on/demandware.static/-/Sites-col-master-catalog/default/dwfbbe6c81/images/col/497/4970019-frente.jpg?sw=280&sh=280,emb. 400 gr,https://www.continente.pt/produto/filetes-de-pescada-do-cabo-ultracongelada-continente-4970019.html,congelados,2024-11-15,Continente
Lombos de Pescada do Cabo Ultracongelada,7630222,12.29,"€12,29/kg",Iglo,"Frescos/Peixaria/Filetes, Lombos e Postas/Congelado",https://www.continente.pt/dw/image/v2/BDVS_PRD/on/demandware.static/-/Sites-col-master-catalog/default/dwedc29bc2/images/col/763/7630222-frente.jpg?sw=280&sh=280,10 un x 100 gr (1 kg),https://www.continente.pt/produto/lombos-de-pescada-do-cabo-ultracongelada-iglo-7630222.html,congelados,2024-11-15,Continente
Hambúrguer de Frango sem Glúten,5696986,13.49,"€28,10/kg",Capitão Iglo,Congelados/Hambúrgueres e Almôndegas,https://www.continente.pt/dw/image/v2/BDVS_PRD/on/demandware.static/-/Sites-col-master-catalog/default/dw43318845/images/col/569/5696986-direito.jpg?sw=280&sh=280,emb. 480 gr (8 un),https://www.continente.pt/produto/hamburguer-de-frango-sem-gluten-capitao-iglo-5696986.html,congelados,2024-11-15,Continente
Lombos de Pescada MSC Ultracongelada Pack Poupança,5768501,9.89,"€9,89/kg",Continente,"Frescos/Peixaria/Filetes, Lombos e Postas/Congelado",https://www.continente.pt/dw/image/v2/BDVS_PRD/on/demandware.static/-/Sites-col-master-catalog/default/dwab533364/images/col/576/5768501-frente.jpg?sw=280&sh=280,emb. 1 kg,https://www.continente.pt/produto/lombos-de-pescada-msc-ultracongelada-pack-poupanca-continente-5768501.html,congelados,2024-11-15,Continente
Tranches de Salmão Selvagem MSC Ultracongelado,4716958,7.99,"€31,96/kg",Iglo,"Frescos/Peixaria/Filetes, Lombos e Postas/Congelado",https://www.continente.pt/dw/image/v2/BDVS_PRD/on/demandware.static/-/Sites-col-master-catalog/default/dw561cd123/images/col/471/4716958-frente.jpg?sw=280&sh=280,2 un x 125 gr (250 gr),https://www.continente.pt/produto/tranches-de-salmao-selvagem-msc-ultracongelado-iglo-4716958.html,congelados,2024-11-15,Continente
Crepes Simples,5135637,4.19,"€4,19/kg",Continente,Congelados/Sobremesas/Crepes e Petit Gâteau,https://www.continente.pt/dw/image/v2/BDVS_PRD/on/demandware.static/-/Sites-col-master-catalog/default/dwc58ea9de/images/col/513/5135637-hero.jpg?sw=280&sh=280,emb. 1 kg (16 un),https://www.continente.pt/produto/crepes-simples-continente-5135637.html,congelados,2024-11-15,Continente
Red Fish Médio Congelado,2214009,5.49,"€2,75/un",,Frescos/Peixaria/Peixe Congelado,https://www.continente.pt/dw/image/v2/BDVS_PRD/on/demandware.static/-/Sites-col-master-catalog/default/dw1123efce/images/col/221/2214009-frente.jpg?sw=280&sh=280,Quant. Mínima = 500 gr,https://www.continente.pt/produto/red-fish-medio-congelado-2214009.html,congelados,2024-11-15,Continente
Filetes Primavera Original sem Glúten,6601781,4.99,"€19,96/kg",Iglo,Congelados/Douradinhos e Filetes,https://www.continente.pt/dw/image/v2/BDVS_PRD/on/demandware.static/-/Sites-col-master-catalog/default/dwe8af3820/images/col/660/6601781-direito.jpg?sw=280&sh=280,emb. 250 gr (2 un),https://www.continente.pt/produto/filetes-primavera-original-sem-gluten-iglo-6601781.html,congelados,2024-11-15,Continente
Douradinhos de Peixe,7949171,7.99,"€5,33/kg",Continente,Congelados/Douradinhos e Filetes,https://www.continente.pt/dw/image/v2/BDVS_PRD/on/demandware.static/-/Sites-col-master-catalog/default/dw48722279/images/col/794/7949171-frente.jpg?sw=280&sh=280,"emb. 1,5 kg",https://www.continente.pt/produto/douradinhos-de-peixe-continente-7949171.html,congelados,2024-11-15,Continente
Medalhões de Pescada sem Pele Ultracongelada,2211915,5.79,"€14,47/kg",Pescanova,"Frescos/Peixaria/Filetes, Lombos e Postas/Congelado",https://www.continente.pt/dw/image/v2/BDVS_PRD/on/demandware.static/-/Sites-col-master-catalog/default/dwf51e37eb/images/col/221/2211915-frente.jpg?sw=280&sh=280,4 un x 100 gr (400 gr),https://www.continente.pt/produto/medalhoes-de-pescada-sem-pele-ultracongelada-pescanova-2211915.html,congelados,2024-11-15,Continente
Edamame Descascado,7835426,1.99,"€4,98/kg",Continente,Congelados/Frutas e Legumes/Legumes,https://www.continente.pt/dw/image/v2/BDVS_PRD/on/demandware.static/-/Sites-col-master-catalog/default/dwe340a2af/images/col/783/7835426-cima.jpg?sw=280&sh=280,emb. 400 gr,https://www.continente.pt/produto/edamame-descascado-continente-7835426.html,congelados,2024-11-15,Continente
Mirtilos,7594144,3.74,"€12,47/kg",Origens Bio,Congelados/Frutas e Legumes/Frutas,https://www.continente.pt/dw/image/v2/BDVS_PRD/on/demandware.static/-/Sites-col-master-catalog/default/dw2dd54277/images/col/759/7594144-frente.jpg?sw=280&sh=280,emb. 300 gr,https://www.continente.pt/produto/mirtilos-origens-bio-7594144.html,congelados,2024-11-15,Continente
Ervilhas,7917955,0.99,"€2,48/kg",Continente,Congelados/Frutas e Legumes/Legumes,https://www.continente.pt/dw/image/v2/BDVS_PRD/on/demandware.static/-/Sites-col-master-catalog/default/dw8d0ea545/images/col/791/7917955-frente.jpg?sw=280&sh=280,emb. 400 gr,https://www.continente.pt/produto/ervilhas-continente-7917955.html,congelados,2024-11-15,Continente
Gelado Caramelo e Manteiga de Amendoim com cobertura Chocolate,7622308,5.49,"€20,33/kg",Snickers,Congelados/Gelados/Mini Bites e Sandwich,https://www.continente.pt/dw/image/v2/BDVS_PRD/on/demandware.static/-/Sites-col-master-catalog/default/dw4fe280dc/images/col/762/7622308-direito.jpg?sw=280&sh=280,emb. 270 gr (6 un),https://www.continente.pt/produto/gelado-caramelo-e-manteiga-de-amendoim-com-cobertura-chocolate-snickers-7622308.html,congelados,2024-11-15,Continente
Posta de Maruca 2ª Pele Congelada,6917631,11.99,"€3,36/un",Continente,"Frescos/Peixaria/Filetes, Lombos e Postas/Congelado",https://www.continente.pt/dw/image/v2/BDVS_PRD/on/demandware.static/-/Sites-col-master-catalog/default/dwb2acbc97/images/col/691/6917631-frente.jpg?sw=280&sh=280,emb. 280 gr,https://www.continente.pt/produto/posta-de-maruca-2-pele-congelada-continente-6917631.html,congelados,2024-11-15,Continente
Moelas de Frango Congeladas,2430285,1.89,"€1,89/un",Perdix,Frescos/Talho/Frango e Peru,https://www.continente.pt/dw/image/v2/BDVS_PRD/on/demandware.static/-/Sites-col-master-catalog/default/dw2cd7e3cc/images/col/243/2430285-frente.jpg?sw=280&sh=280,emb. 1 kg,https://www.continente.pt/produto/moelas-de-frango-congeladas-perdix-2430285.html,congelados,2024-11-15,Continente
Carne Kebab Frango,8020441,3.0,"€10,00/kg",Continente,Congelados/Hambúrgueres e Almôndegas,https://www.continente.pt/dw/image/v2/BDVS_PRD/on/demandware.static/-/Sites-col-master-catalog/default/dw212ecc4a/images/col/802/8020441-frente.jpg?sw=280&sh=280,emb. 300 gr,https://www.continente.pt/produto/carne-kebab-frango-continente-8020441.html,congelados,2024-11-15,Continente
Gelado Rol,7976847,4.99,"€13,86/lt",Olá,Congelados/Gelados/Gelados de Pauzinho,https://www.continente.pt/dw/image/v2/BDVS_PRD/on/demandware.static/-/Sites-col-master-catalog/default/dwd28efb5b/images/col/797/7976847-direito.png?sw=280&sh=280,emb. 360 ml,https://www.continente.pt/produto/gelado-rol-ola-7976847.html,congelados,2024-11-15,Continente
Pizza Forno Di Pietra de Fiambre e Queijo,6772594,3.64,"€10,40/kg",Buitoni Forno di Pietra,Congelados/Pizzas,https://www.continente.pt/dw/image/v2/BDVS_PRD/on/demandware.static/-/Sites-col-master-catalog/default/dw7427445d/images/col/677/6772594-frente.png?sw=280&sh=280,emb. 350 gr,https://www.continente.pt/produto/pizza-forno-di-pietra-de-fiambre-e-queijo-buitoni-forno-di-pietra-6772594.html,congelados,2024-11-15,Continente
Crocantes de Frango Original,8069175,9.73,"€18,02/kg",Iglo,Congelados/Nuggets e Crocantes,https://www.continente.pt/dw/image/v2/BDVS_PRD/on/demandware.static/-/Sites-col-master-catalog/default/dwfc255065/images/col/806/8069175-frente.png?sw=280&sh=280,emb. 3 x 180 gr (2 un),https://www.continente.pt/produto/crocantes-de-frango-original-iglo-8069175.html,congelados,2024-11-15,Continente
Mini Pizzas de Tomate e Mozzarella,5548894,4.75,"€17,59/kg",Buitoni Piccolinis,Congelados/Pizzas,https://www.continente.pt/dw/image/v2/BDVS_PRD/on/demandware.static/-/Sites-col-master-catalog/default/dwc732d2ff/images/col/554/5548894-hero.jpg?sw=280&sh=280,emb. 270 gr (9 un),https://www.continente.pt/produto/mini-pizzas-de-tomate-e-mozzarella-buitoni-piccolinis-5548894.html,congelados,2024-11-15,Continente
Gelado Mini Euphoria Limão e Framboesa,7947238,6.99,"€21,18/lt",Magnum,Congelados/Gelados/Gelados de Pauzinho,https://www.continente.pt/dw/image/v2/BDVS_PRD/on/demandware.static/-/Sites-col-master-catalog/default/dwbec3ce9e/images/col/794/7947238-esquerdo.jpg?sw=280&sh=280,emb. 330 ml (6 un),https://www.continente.pt/produto/gelado-mini-euphoria-limao-e-framboesa-magnum-7947238.html,congelados,2024-11-15,Continente
Choco Limpo Ultracongelado,4277919,7.19,"€14,38/kg",Pescanova,"Frescos/Peixaria/Polvo, Lulas e Chocos/Congelado",https://www.continente.pt/dw/image/v2/BDVS_PRD/on/demandware.static/-/Sites-col-master-catalog/default/dw9591265b/images/col/427/4277919-frente.jpg?sw=280&sh=280,emb. 500 gr,https://www.continente.pt/produto/choco-limpo-ultracongelado-pescanova-4277919.html,congelados,2024-11-15,Continente
Choco Limpo Ultracongelado,3634498,6.99,"€11,65/kg",Continente,"Frescos/Peixaria/Polvo, Lulas e Chocos/Congelado",https://www.continente.pt/dw/image/v2/BDVS_PRD/on/demandware.static/-/Sites-col-master-catalog/default/dwd9ca147a/images/col/363/3634498-cima.jpg?sw=280&sh=280,emb. 600 gr,https://www.continente.pt/produto/choco-limpo-ultracongelado-continente-3634498.html,congelados,2024-11-15,Continente
Gelado Romântica,7141073,4.79,"€6,39/lt",Carte DOr,Congelados/Gelados/Tartes Geladas e Viennettas,https://www.continente.pt/dw/image/v2/BDVS_PRD/on/demandware.static/-/Sites-col-master-catalog/default/dwa495ca32/images/col/714/7141073-hero.jpg?sw=280&sh=280,emb. 750 ml,https://www.continente.pt/produto/gelado-romantica-carte-dor-7141073.html,congelados,2024-11-15,Continente
Postas Médias de Bacalhau MSC Demolhado Ultracongelado,7291115,4.59,"€7,65/kg",Continente,Frescos/Peixaria/Bacalhau/Congelado,https://www.continente.pt/dw/image/v2/BDVS_PRD/on/demandware.static/-/Sites-col-master-catalog/default/dw06886228/images/col/729/7291115-frente.jpg?sw=280&sh=280,emb. 600 gr,https://www.continente.pt/produto/postas-medias-de-bacalhau-msc-demolhado-ultracongelado-continente-7291115.html,congelados,2024-11-15,Continente
Peskitos de Pescada sem Glúten,7929409,7.49,"€7,49/kg",Pescanova,Congelados/Nuggets e Crocantes,https://www.continente.pt/dw/image/v2/BDVS_PRD/on/demandware.static/-/Sites-col-master-catalog/default/dwb835beeb/images/col/792/7929409-frente.jpg?sw=280&sh=280,emb. 1 kg,https://www.continente.pt/produto/peskitos-de-pescada-sem-gluten-pescanova-7929409.html,congelados,2024-11-15,Continente
Gelado Café,8025801,7.79,"€16,93/lt",Häagen-Dazs,Congelados/Gelados/Gelados Americanos,https://www.continente.pt/dw/image/v2/BDVS_PRD/on/demandware.static/-/Sites-col-master-catalog/default/dw387cf29a/images/col/802/8025801-frente.jpg?sw=280&sh=280,emb. 460 ml,https://www.continente.pt/produto/gelado-cafe-haagen-dazs-8025801.html,congelados,2024-11-15,Continente
Crocantes de Frango Recheados Queijo e Fiambre,8069372,10.41,"€17,01/kg",Iglo,Congelados/Nuggets e Crocantes,https://www.continente.pt/dw/image/v2/BDVS_PRD/on/demandware.static/-/Sites-col-master-catalog/default/dw79407af4/images/col/806/8069372-frente.png?sw=280&sh=280,emb. 3 x 204 gr (2 un),https://www.continente.pt/produto/crocantes-de-frango-recheados-queijo-e-fiambre-iglo-8069372.html,congelados,2024-11-15,Continente
Rabos de Pescada MSC Ultracongelada Pack Poupança,7384638,5.99,"€3,99/kg",Continente,Frescos/Peixaria/Peixe Congelado,https://www.continente.pt/dw/image/v2/BDVS_PRD/on/demandware.static/-/Sites-col-master-catalog/default/dw85359a91/images/col/738/7384638-frente.jpg?sw=280&sh=280,"emb. 1,5 kg",https://www.continente.pt/produto/rabos-de-pescada-msc-ultracongelada-pack-poupanca-continente-7384638.html,congelados,2024-11-15,Continente
Gelado Baunilha,6949002,2.59,"€2,59/lt",Continente,Congelados/Gelados/Gelados Familiares,https://www.continente.pt/dw/image/v2/BDVS_PRD/on/demandware.static/-/Sites-col-master-catalog/default/dw1ab4706e/images/col/694/6949002-hero.jpg?sw=280&sh=280,emb. 1 lt,https://www.continente.pt/produto/gelado-baunilha-continente-6949002.html,congelados,2024-11-15,Continente
Gelado de Caramelo e Biscoito,7224301,5.49,"€26,91/kg",Twix,Congelados/Gelados/Mini Bites e Sandwich,https://www.continente.pt/dw/image/v2/BDVS_PRD/on/demandware.static/-/Sites-col-master-catalog/default/dw732a2575/images/col/722/7224301-frente.jpg?sw=280&sh=280,emb. 204 gr (6 un),https://www.continente.pt/produto/gelado-de-caramelo-e-biscoito-twix-7224301.html,congelados,2024-11-15,Continente
Douradinhos de Peixe sem Glúten,7475461,7.14,"€19,83/kg",Capitão Iglo,Congelados/Douradinhos e Filetes,https://www.continente.pt/dw/image/v2/BDVS_PRD/on/demandware.static/-/Sites-col-master-catalog/default/dw4daefd3d/images/col/747/7475461-direito.jpg?sw=280&sh=280,emb. 360 gr (12 un),https://www.continente.pt/produto/douradinhos-de-peixe-sem-gluten-capitao-iglo-7475461.html,congelados,2024-11-15,Continente
Douradinhos Vegan,7529442,5.34,"€15,89/kg",Iglo Green Cuisine,Congelados/Vegetariano e Vegan/Nuggets e Panados,https://www.continente.pt/dw/image/v2/BDVS_PRD/on/demandware.static/-/Sites-col-master-catalog/default/dwd938280c/images/col/752/7529442-frente.jpg?sw=280&sh=280,emb. 336 gr (12 un),https://www.continente.pt/produto/douradinhos-vegan-iglo-green-cuisine-7529442.html,congelados,2024-11-15,Continente
Hambúrguer Vegan Sabor a Frango,7526167,4.19,"€26,19/kg",The Vegetarian Butcher,Congelados/Hambúrgueres e Almôndegas,https://www.continente.pt/dw/image/v2/BDVS_PRD/on/demandware.static/-/Sites-col-master-catalog/default/dwc18cbbc1/images/col/752/7526167-hero.jpg?sw=280&sh=280,emb. 160 gr,https://www.continente.pt/produto/hamburguer-vegan-sabor-a-frango-the-vegetarian-butcher-7526167.html,congelados,2024-11-15,Continente
Gelado Mini Magníficos Amêndoa e Chocolate Branco,7756099,3.09,"€0,26/un",Continente,Congelados/Gelados/Gelados de Pauzinho,https://www.continente.pt/dw/image/v2/BDVS_PRD/on/demandware.static/-/Sites-col-master-catalog/default/dw4bb99847/images/col/775/7756099-frente.jpg?sw=280&sh=280,emb. 12 un,https://www.continente.pt/produto/gelado-mini-magnificos-amendoa-e-chocolate-branco-continente-7756099.html,congelados,2024-11-15,Continente
Gyosas de Vegetais,7451573,2.79,"€6,98/kg",Continente,"Congelados/Salgados, Folhados e Pastelaria/Salgados",https://www.continente.pt/dw/image/v2/BDVS_PRD/on/demandware.static/-/Sites-col-master-catalog/default/dw543a7f9c/images/col/745/7451573-frente.jpg?sw=280&sh=280,emb. 400 gr (20 un),https://www.continente.pt/produto/gyosas-de-vegetais-continente-7451573.html,congelados,2024-11-15,Continente
Gelado Fresh Limão e Morango,7584214,2.79,"€0,47/un",Continente,Congelados/Gelados/Gelados Infantis,https://www.continente.pt/dw/image/v2/BDVS_PRD/on/demandware.static/-/Sites-col-master-catalog/default/dw38b0d43f/images/col/758/7584214-frente.jpg?sw=280&sh=280,emb. 6 un,https://www.continente.pt/produto/gelado-fresh-limao-e-morango-continente-7584214.html,congelados,2024-11-15,Continente
Gelado Praliné Crocante,7800584,2.75,"€0,69/un",Continente Seleção,Congelados/Gelados/Gelados de Pauzinho,https://www.continente.pt/dw/image/v2/BDVS_PRD/on/demandware.static/-/Sites-col-master-catalog/default/dwf9f01d0b/images/col/780/7800584-hero.jpg?sw=280&sh=280,emb. 4 un,https://www.continente.pt/produto/gelado-praline-crocante-continente-selecao-7800584.html,congelados,2024-11-15,Continente
Nuggets Vegan de Proteína Vegetal,7619444,5.49,"€18,30/kg",Garden Gourmet,Congelados/Vegetariano e Vegan/Nuggets e Panados,https://www.continente.pt/dw/image/v2/BDVS_PRD/on/demandware.static/-/Sites-col-master-catalog/default/dwd185e870/images/col/761/7619444-frente.jpg?sw=280&sh=280,emb. 300 gr,https://www.continente.pt/produto/nuggets-vegan-de-proteina-vegetal-garden-gourmet-7619444.html,congelados,2024-11-15,Continente
Postas Tradicionais de Bacalhau MSC Congelado,7291114,9.39,"€11,74/kg",Continente,Frescos/Peixaria/Bacalhau/Congelado,https://www.continente.pt/dw/image/v2/BDVS_PRD/on/demandware.static/-/Sites-col-master-catalog/default/dwe2de5db5/images/col/729/7291114-frente.jpg?sw=280&sh=280,emb. 800 gr,https://www.continente.pt/produto/postas-tradicionais-de-bacalhau-msc-congelado-continente-7291114.html,congelados,2024-11-15,Continente
Pizza Rústica Double Pepperoni Chedar e Mozzarella,7052750,5.19,"€9,19/kg",Rústica,Congelados/Pizzas,https://www.continente.pt/dw/image/v2/BDVS_PRD/on/demandware.static/-/Sites-col-master-catalog/default/dw54d6ff69/images/col/705/7052750-direito.png?sw=280&sh=280,emb. 565 gr,https://www.continente.pt/produto/pizza-rustica-double-pepperoni-chedar-e-mozzarella-rustica-7052750.html,congelados,2024-11-15,Continente
Pizza Prosciutto,7577214,3.69,"€10,85/kg",Ristorante,Congelados/Pizzas,https://www.continente.pt/dw/image/v2/BDVS_PRD/on/demandware.static/-/Sites-col-master-catalog/default/dw1feb633f/images/col/757/7577214-direito.png?sw=280&sh=280,emb. 340 gr,https://www.continente.pt/produto/pizza-prosciutto-ristorante-7577214.html,congelados,2024-11-15,Continente
Pizza Familiar de Fiambre e Queijo,6881940,3.69,"€6,36/kg",Continente,Congelados/Pizzas,https://www.continente.pt/dw/image/v2/BDVS_PRD/on/demandware.static/-/Sites-col-master-catalog/default/dwb9e6c1f1/images/col/688/6881940-hero.jpg?sw=280&sh=280,emb. 580 gr,https://www.continente.pt/produto/pizza-familiar-de-fiambre-e-queijo-continente-6881940.html,congelados,2024-11-15,Continente
Sorbet Limão sem Lactose,6592516,2.19,"€2,19/lt",Continente,Congelados/Gelados/Gelados Familiares,https://www.continente.pt/dw/image/v2/BDVS_PRD/on/demandware.static/-/Sites-col-master-catalog/default/dwb63101a6/images/col/659/6592516-hero.jpg?sw=280&sh=280,emb. 1 lt,https://www.continente.pt/produto/sorbet-limao-sem-lactose-continente-6592516.html,congelados,2024-11-15,Continente
Panquecas de Banana e Espelta,7627280,3.29,"€13,71/kg",Continente,Congelados/Sobremesas/Crepes e Petit Gâteau,https://www.continente.pt/dw/image/v2/BDVS_PRD/on/demandware.static/-/Sites-col-master-catalog/default/dw96f9ac46/images/col/762/7627280-hero.jpg?sw=280&sh=280,emb. 240 gr,https://www.continente.pt/produto/panquecas-de-banana-e-espelta-continente-7627280.html,congelados,2024-11-15,Continente
Delícias do Mar em Forma de Lagosta Ultracongeladas,3897404,3.11,"€12,20/kg",Pescanova,Frescos/Peixaria/Marisco/Congelado,https://www.continente.pt/dw/image/v2/BDVS_PRD/on/demandware.static/-/Sites-col-master-catalog/default/dw58323037/images/col/389/3897404-frente.jpg?sw=280&sh=280,emb. 255 gr,https://www.continente.pt/produto/delicias-do-mar-em-forma-de-lagosta-ultracongeladas-pescanova-3897404.html,congelados,2024-11-15,Continente
Pizza Forno Di Pietra Diavola,6771121,3.64,"€10,71/kg",Buitoni Forno di Pietra,Congelados/Pizzas,https://www.continente.pt/dw/image/v2/BDVS_PRD/on/demandware.static/-/Sites-col-master-catalog/default/dwd386c7c3/images/col/677/6771121-frente.png?sw=280&sh=280,emb. 340 gr,https://www.continente.pt/produto/pizza-forno-di-pietra-diavola-buitoni-forno-di-pietra-6771121.html,congelados,2024-11-15,Continente
Frutos Vermelhos,8172997,1.39,"€4,63/kg",Gelcampo,Congelados/Frutas e Legumes/Frutas,https://www.continente.pt/dw/image/v2/BDVS_PRD/on/demandware.static/-/Sites-col-master-catalog/default/dw99ba7100/images/col/817/8172997-frente.jpg?sw=280&sh=280,emb. 300 gr,https://www.continente.pt/produto/frutos-vermelhos-gelcampo-8172997.html,congelados,2024-11-15,Continente
Lasanha Bolonhesa,6208470,4.99,"€4,99/kg",Continente,Congelados/Refeições Prontas,https://www.continente.pt/dw/image/v2/BDVS_PRD/on/demandware.static/-/Sites-col-master-catalog/default/dw15155a84/images/col/620/6208470-hero.jpg?sw=280&sh=280,emb. 1 kg,https://www.continente.pt/produto/lasanha-bolonhesa-continente-6208470.html,congelados,2024-11-15,Continente
Gelado Caramelo com cobertura chocolate,7622307,5.49,"€22,88/kg",Mars,Congelados/Gelados/Mini Bites e Sandwich,https://www.continente.pt/dw/image/v2/BDVS_PRD/on/demandware.static/-/Sites-col-master-catalog/default/dw91c21537/images/col/762/7622307-direito.jpg?sw=280&sh=280,emb. 240 gr (6 un),https://www.continente.pt/produto/gelado-caramelo-com-cobertura-chocolate-mars-7622307.html,congelados,2024-11-15,Continente
Gelado Frutipop,7164607,1.99,"€0,25/un",Continente,Congelados/Gelados/Gelados Infantis,https://www.continente.pt/dw/image/v2/BDVS_PRD/on/demandware.static/-/Sites-col-master-catalog/default/dwbe054769/images/col/716/7164607-frente.jpg?sw=280&sh=280,emb. 368 ml (8 un),https://www.continente.pt/produto/gelado-frutipop-continente-7164607.html,congelados,2024-11-15,Continente
Gelado Baunilha e Nozes Pecan,7411090,2.79,"€2,94/lt",Continente,Congelados/Gelados/Gelados Familiares,https://www.continente.pt/dw/image/v2/BDVS_PRD/on/demandware.static/-/Sites-col-master-catalog/default/dwe6ba6c70/images/col/741/7411090-frente.jpg?sw=280&sh=280,emb. 950 ml,https://www.continente.pt/produto/gelado-baunilha-e-nozes-pecan-continente-7411090.html,congelados,2024-11-15,Continente
Gelado Chocolate e Avelã,7411520,2.79,"€2,94/lt",Continente,Congelados/Gelados/Gelados Familiares,https://www.continente.pt/dw/image/v2/BDVS_PRD/on/demandware.static/-/Sites-col-master-catalog/default/dwf8f42784/images/col/741/7411520-frente.jpg?sw=280&sh=280,emb. 950 ml,https://www.continente.pt/produto/gelado-chocolate-e-avela-continente-7411520.html,congelados,2024-11-15,Continente
Lombos de Bacalhau Demolhado Ultracongelado,7739019,13.99,"€34,98/kg",Pescanova,Frescos/Peixaria/Bacalhau/Congelado,https://www.continente.pt/dw/image/v2/BDVS_PRD/on/demandware.static/-/Sites-col-master-catalog/default/dwf70b2e19/images/col/773/7739019-frente.jpg?sw=280&sh=280,emb. 400 gr,https://www.continente.pt/produto/lombos-de-bacalhau-demolhado-ultracongelado-pescanova-7739019.html,congelados,2024-11-15,Continente
Gelado Chocolate,6949004,2.59,"€2,59/lt",Continente,Congelados/Gelados/Gelados Familiares,https://www.continente.pt/dw/image/v2/BDVS_PRD/on/demandware.static/-/Sites-col-master-catalog/default/dwe2d84545/images/col/694/6949004-hero.jpg?sw=280&sh=280,emb. 1 lt,https://www.continente.pt/produto/gelado-chocolate-continente-6949004.html,congelados,2024-11-15,Continente
"Gelado Magnífico Chocolate Branco, Arroz Tufado e Morango",7408344,2.79,"€3,88/lt",Continente,Congelados/Gelados/Gelados de Pauzinho,https://www.continente.pt/dw/image/v2/BDVS_PRD/on/demandware.static/-/Sites-col-master-catalog/default/dw59c1b978/images/col/740/7408344-frente.jpg?sw=280&sh=280,emb. 720 ml (6 un),https://www.continente.pt/produto/gelado-magnifico-chocolate-branco-arroz-tufado-e-morango-continente-7408344.html,congelados,2024-11-15,Continente
Picanha de Bovino Fatiada América do Sul Congelada,7201656,18.99,"€28,49/un",Continente,"Frescos/Talho/Novilho, Vitela e Vitelão",https://www.continente.pt/dw/image/v2/BDVS_PRD/on/demandware.static/-/Sites-col-master-catalog/default/dwbb02b865/images/col/720/7201656-cima-acessorio.jpg?sw=280&sh=280,"emb. 1,5 kg (aprox.)",https://www.continente.pt/produto/picanha-de-bovino-fatiada-america-do-sul-congelada-continente-7201656.html,congelados,2024-11-15,Continente
Gelado Baunilha e Morango,7018487,2.99,"€1,50/lt",Continente,Congelados/Gelados/Gelados Familiares,https://www.continente.pt/dw/image/v2/BDVS_PRD/on/demandware.static/-/Sites-col-master-catalog/default/dw741f568d/images/col/701/7018487-frente.jpg?sw=280&sh=280,emb. 2 lt,https://www.continente.pt/produto/gelado-baunilha-e-morango-continente-7018487.html,congelados,2024-11-15,Continente
Batata Chef Gourmet,7171546,3.69,"€7,38/kg",McCain,Congelados/Batata Frita e Puré,https://www.continente.pt/dw/image/v2/BDVS_PRD/on/demandware.static/-/Sites-col-master-catalog/default/dw4389a18b/images/col/717/7171546-frente.png?sw=280&sh=280,emb. 500 gr,https://www.continente.pt/produto/batata-chef-gourmet-mccain-7171546.html,congelados,2024-11-15,Continente
Tiras de Pota Panadas,5742334,7.79,"€7,79/kg",Pescanova,Congelados/Nuggets e Crocantes,https://www.continente.pt/dw/image/v2/BDVS_PRD/on/demandware.static/-/Sites-col-master-catalog/default/dwc3ac9308/images/col/574/5742334-frente.jpg?sw=280&sh=280,emb. 1 kg (35 a 50 un),https://www.continente.pt/produto/tiras-de-pota-panadas-pescanova-5742334.html,congelados,2024-11-15,Continente
Pizza Ristorante de Frango,3796750,3.69,"€10,39/kg",Ristorante,Congelados/Pizzas,https://www.continente.pt/dw/image/v2/BDVS_PRD/on/demandware.static/-/Sites-col-master-catalog/default/dw7d772edb/images/col/379/3796750-direito.png?sw=280&sh=280,emb. 375 gr,https://www.continente.pt/produto/pizza-ristorante-de-frango-ristorante-3796750.html,congelados,2024-11-15,Continente
Gelado Chocolate Branco e Morango,7975650,3.29,"€8,22/lt",Magnum,Congelados/Gelados/Gelados de Pauzinho,https://www.continente.pt/dw/image/v2/BDVS_PRD/on/demandware.static/-/Sites-col-master-catalog/default/dw12f867c2/images/col/797/7975650-frente.png?sw=280&sh=280,emb. 400 ml (4 un),https://www.continente.pt/produto/gelado-chocolate-branco-e-morango-magnum-7975650.html,congelados,2024-11-15,Continente
Gelado Mochi Pistáchio Torrado com Mel sem Glúten,7893272,5.99,"€31,20/kg",Little Moons,Congelados/Gelados/Mini Bites e Sandwich,https://www.continente.pt/dw/image/v2/BDVS_PRD/on/demandware.static/-/Sites-col-master-catalog/default/dw6ad231cd/images/col/789/7893272-frente.jpg?sw=280&sh=280,emb. 6 un,https://www.continente.pt/produto/gelado-mochi-pistachio-torrado-com-mel-sem-gluten-little-moons-7893272.html,congelados,2024-11-15,Continente
"Gelado Mini Chocolate Clássico, Amêndoa e Chocolate Branco",8007004,5.49,"€16,64/lt",Magnum,Congelados/Gelados/Gelados de Pauzinho,https://www.continente.pt/dw/image/v2/BDVS_PRD/on/demandware.static/-/Sites-col-master-catalog/default/dwcc4cea7e/images/col/800/8007004-frente.png?sw=280&sh=280,emb. 330 ml (6 un),https://www.continente.pt/produto/gelado-mini-chocolate-classico-amendoa-e-chocolate-branco-magnum-8007004.html,congelados,2024-11-15,Continente
Postas de Bacalhau MSC Higienizadas Congelado,7450968,12.98,"€5,19/un",Continente,Frescos/Peixaria/Bacalhau/Congelado,https://www.continente.pt/dw/image/v2/BDVS_PRD/on/demandware.static/-/Sites-col-master-catalog/default/dwd3b3eea2/images/col/745/7450968-frente.jpg?sw=280&sh=280,emb. 400 gr,https://www.continente.pt/produto/postas-de-bacalhau-msc-higienizadas-congelado-continente-7450968.html,congelados,2024-11-15,Continente
Gelado Mini Double Chocolate Belga,8067138,3.99,"€15,35/lt",Pink Albatross,Congelados/Gelados/Gelados de Pauzinho,https://www.continente.pt/dw/image/v2/BDVS_PRD/on/demandware.static/-/Sites-col-master-catalog/default/dw83dbdc49/images/col/806/8067138-frente.png?sw=280&sh=280,emb. 260 ml (4 un),https://www.continente.pt/produto/gelado-mini-double-chocolate-belga-pink-albatross-8067138.html,congelados,2024-11-15,Continente
Tarte Gelada Morango,5562119,2.35,"€2,35/lt",Continente,Congelados/Gelados/Tartes Geladas e Viennettas,https://www.continente.pt/dw/image/v2/BDVS_PRD/on/demandware.static/-/Sites-col-master-catalog/default/dw770ecf6e/images/col/556/5562119-frente.jpg?sw=280&sh=280,emb. 1 lt,https://www.continente.pt/produto/tarte-gelada-morango-continente-5562119.html,congelados,2024-11-15,Continente
Pop Nuggets,7363082,2.99,"€9,97/kg",Continente,Congelados/Nuggets e Crocantes,https://www.continente.pt/dw/image/v2/BDVS_PRD/on/demandware.static/-/Sites-col-master-catalog/default/dw6705a451/images/col/736/7363082-frente.jpg?sw=280&sh=280,emb. 300 gr,https://www.continente.pt/produto/pop-nuggets-continente-7363082.html,congelados,2024-11-15,Continente
Empanadilha Espinafres e Queijo,5948636,4.39,"€13,30/kg",Veggis,"Congelados/Salgados, Folhados e Pastelaria/Salgados",https://www.continente.pt/dw/image/v2/BDVS_PRD/on/demandware.static/-/Sites-col-master-catalog/default/dw79ab2f78/images/col/594/5948636-frente.jpg?sw=280&sh=280,emb. 330 gr (2 un),https://www.continente.pt/produto/empanadilha-espinafres-e-queijo-veggis-5948636.html,congelados,2024-11-15,Continente
Pizza Salamino,6583890,3.69,"€9,84/kg",Continente Seleção,Congelados/Pizzas,https://www.continente.pt/dw/image/v2/BDVS_PRD/on/demandware.static/-/Sites-col-master-catalog/default/dwb9a098bb/images/col/658/6583890-hero.jpg?sw=280&sh=280,emb. 375 gr,https://www.continente.pt/produto/pizza-salamino-continente-selecao-6583890.html,congelados,2024-11-15,Continente
Strudel Maçã,8020425,2.49,"€2,49/kg",Continente,"Congelados/Salgados, Folhados e Pastelaria/Folhados",https://www.continente.pt/dw/image/v2/BDVS_PRD/on/demandware.static/-/Sites-col-master-catalog/default/dwcc958362/images/col/802/8020425-frente.jpg?sw=280&sh=280,emb. 600 gr,https://www.continente.pt/produto/strudel-maca-continente-8020425.html,congelados,2024-11-15,Continente
Gelado Avelã,7756414,2.34,"€5,20/lt",Continente Seleção,Congelados/Gelados/Gelados Americanos,https://www.continente.pt/dw/image/v2/BDVS_PRD/on/demandware.static/-/Sites-col-master-catalog/default/dw1e5cefad/images/col/775/7756414-frente.jpg?sw=280&sh=280,emb. 450 ml,https://www.continente.pt/produto/gelado-avela-continente-selecao-7756414.html,congelados,2024-11-15,Continente
Filetes Frango com Batata Doce,7795031,7.99,"€23,50/kg",Prozis,Congelados/Refeições Prontas,https://www.continente.pt/dw/image/v2/BDVS_PRD/on/demandware.static/-/Sites-col-master-catalog/default/dwb974bcb2/images/col/779/7795031-frente.jpg?sw=280&sh=280,emb. 340 gr,https://www.continente.pt/produto/filetes-frango-com-batata-doce-prozis-7795031.html,congelados,2024-11-15,Continente
Gelado Chocolate,7987798,3.99,"€18,14/lt",Kinder,Congelados/Gelados/Gelados Infantis,https://www.continente.pt/dw/image/v2/BDVS_PRD/on/demandware.static/-/Sites-col-master-catalog/default/dw374f4acb/images/col/798/7987798-frente.jpg?sw=280&sh=280,emb. 220 ml (4 un),https://www.continente.pt/produto/gelado-chocolate-kinder-7987798.html,congelados,2024-11-15,Continente
Camarão Selvagem de Moçambique 10/20 Ultracongelado,7005360,14.39,"€35,98/kg",Continente Seleção,Frescos/Peixaria/Marisco/Congelado,https://www.continente.pt/dw/image/v2/BDVS_PRD/on/demandware.static/-/Sites-col-master-catalog/default/dw45e1d3b6/images/col/700/7005360-frente.jpg?sw=280&sh=280,emb. 400 gr,https://www.continente.pt/produto/camarao-selvagem-de-mocambique-10-20-ultracongelado-continente-selecao-7005360.html,congelados,2024-11-15,Continente
Lombos de Salmão ASC Ultracongelado,7430715,14.49,"€38,64/kg",Iglo,"Frescos/Peixaria/Filetes, Lombos e Postas/Congelado",https://www.continente.pt/dw/image/v2/BDVS_PRD/on/demandware.static/-/Sites-col-master-catalog/default/dw4a7bf60c/images/col/743/7430715-frente.jpg?sw=280&sh=280,3 un x 125 gr (375 gr),https://www.continente.pt/produto/lombos-de-salmao-asc-ultracongelado-iglo-7430715.html,congelados,2024-11-15,Continente
Preparado para Mariscada Ultracongelado,7346636,4.99,"€7,13/kg",Continente,Frescos/Peixaria/Marisco/Congelado,https://www.continente.pt/dw/image/v2/BDVS_PRD/on/demandware.static/-/Sites-col-master-catalog/default/dw604b7347/images/col/734/7346636-frente.jpg?sw=280&sh=280,emb. 700 gr,https://www.continente.pt/produto/preparado-para-mariscada-ultracongelado-continente-7346636.html,congelados,2024-11-15,Continente
Sorbet Framboesa,7725508,4.99,"€11,09/lt",Continente Seleção,Congelados/Gelados/Gelados Americanos,https://www.continente.pt/dw/image/v2/BDVS_PRD/on/demandware.static/-/Sites-col-master-catalog/default/dw88c2efbe/images/col/772/7725508-frente.jpg?sw=280&sh=280,emb. 450 ml,https://www.continente.pt/produto/sorbet-framboesa-continente-selecao-7725508.html,congelados,2024-11-15,Continente
Medalhões de Perca do Nilo Congelada Pack Poupança,7970638,14.69,"€20,99/kg",Continente,Frescos/Peixaria/Peixe Congelado,https://www.continente.pt/dw/image/v2/BDVS_PRD/on/demandware.static/-/Sites-col-master-catalog/default/dwe9796e8c/images/col/797/7970638-frente.jpg?sw=280&sh=280,emb. 700 gr,https://www.continente.pt/produto/medalhoes-de-perca-do-nilo-congelada-pack-poupanca-continente-7970638.html,congelados,2024-11-15,Continente
Gelado Morango sem Açúcar,6898287,2.59,"€5,18/lt",Continente Equilíbrio,Congelados/Gelados/Gelados Americanos,https://www.continente.pt/dw/image/v2/BDVS_PRD/on/demandware.static/-/Sites-col-master-catalog/default/dw63c2eb9c/images/col/689/6898287-hero.jpg?sw=280&sh=280,emb. 500 ml,https://www.continente.pt/produto/gelado-morango-sem-acucar-continente-equilibrio-6898287.html,congelados,2024-11-15,Continente
Gelado Espiral Monstrinhos,7760704,2.49,"€0,31/un",Continente,Congelados/Gelados/Gelados Infantis,https://www.continente.pt/dw/image/v2/BDVS_PRD/on/demandware.static/-/Sites-col-master-catalog/default/dw8d296d2c/images/col/776/7760704-hero.jpg?sw=280&sh=280,emb. 400 ml (8 un),https://www.continente.pt/produto/gelado-espiral-monstrinhos-continente-7760704.html,congelados,2024-11-15,Continente
Gelado Chocolate Branco,7754923,5.49,"€27,45/kg",Ferrero,Congelados/Gelados/Gelados de Pauzinho,https://www.continente.pt/dw/image/v2/BDVS_PRD/on/demandware.static/-/Sites-col-master-catalog/default/dw9f88b2b9/images/col/775/7754923-frente.jpg?sw=280&sh=280,emb. 200 gr (4 un),https://www.continente.pt/produto/gelado-chocolate-branco-ferrero-7754923.html,congelados,2024-11-15,Continente
Gelado Caramelo Chew Chew,7105465,6.79,"€14,60/lt",Ben & Jerrys,Congelados/Gelados/Gelados Americanos,https://www.continente.pt/dw/image/v2/BDVS_PRD/on/demandware.static/-/Sites-col-master-catalog/default/dw94c07965/images/col/710/7105465-hero.jpg?sw=280&sh=280,emb. 465 ml,https://www.continente.pt/produto/gelado-caramelo-chew-chew-ben-jerrys-7105465.html,congelados,2024-11-15,Continente
Pizza Ristorante de 4 Queijos Grandíssima,8017536,6.79,"€12,13/kg",Ristorante,Congelados/Pizzas,https://www.continente.pt/dw/image/v2/BDVS_PRD/on/demandware.static/-/Sites-col-master-catalog/default/dwcab17d09/images/col/801/8017536-direito.jpg?sw=280&sh=280,emb. 560 gr,https://www.continente.pt/produto/pizza-ristorante-de-4-queijos-grandissima-ristorante-8017536.html,congelados,2024-11-15,Continente
Gelado Double Caramelo,7757005,3.29,"€12,90/lt",Magnum,Congelados/Gelados/Gelados de Pauzinho,https://www.continente.pt/dw/image/v2/BDVS_PRD/on/demandware.static/-/Sites-col-master-catalog/default/dw09f54d46/images/col/775/7757005-hero.jpg?sw=280&sh=280,emb. 255 ml (3 un),https://www.continente.pt/produto/gelado-double-caramelo-magnum-7757005.html,congelados,2024-11-15,Continente
Pato Inteiro Congelado,5443474,4.49,"€10,33/un",Quinta da Marinha,Frescos/Talho/Pato e Coelho,https://www.continente.pt/dw/image/v2/BDVS_PRD/on/demandware.static/-/Sites-col-master-catalog/default/dwc4fed83d/images/col/544/5443474-frente.jpg?sw=280&sh=280,"emb. 2,3 kg (aprox.)",https://www.continente.pt/produto/pato-inteiro-congelado-quinta-da-marinha-5443474.html,congelados,2024-11-15,Continente
Filetes de Pescada XL,7947165,2.99,"€11,96/kg",Pescanova,Congelados/Douradinhos e Filetes,https://www.continente.pt/dw/image/v2/BDVS_PRD/on/demandware.static/-/Sites-col-master-catalog/default/dw081669d4/images/col/794/7947165-frente-esquerdo.jpg?sw=280&sh=280,emb. 250 gr (2 un),https://www.continente.pt/produto/filetes-de-pescada-xl-pescanova-7947165.html,congelados,2024-11-15,Continente
Folhado de Salsicha,7131130,3.59,"€7,48/kg",Continente,"Congelados/Salgados, Folhados e Pastelaria/Folhados",https://www.continente.pt/dw/image/v2/BDVS_PRD/on/demandware.static/-/Sites-col-master-catalog/default/dwaa32c4c5/images/col/713/7131130-hero.jpg?sw=280&sh=280,emb. 480 gr (8 un),https://www.continente.pt/produto/folhado-de-salsicha-continente-7131130.html,congelados,2024-11-15,Continente
Gelado Picolero Morango e Chocolate Vegan,8039791,4.99,"€15,99/lt",Solero,Congelados/Gelados/Gelados de Pauzinho,https://www.continente.pt/dw/image/v2/BDVS_PRD/on/demandware.static/-/Sites-col-master-catalog/default/dwd45e2d96/images/col/803/8039791-frente.png?sw=280&sh=280,emb. 312 ml (4 un),https://www.continente.pt/produto/gelado-picolero-morango-e-chocolate-vegan-solero-8039791.html,congelados,2024-11-15,Continente
Mini Hambúrgueres de Vegetais,7808386,4.99,"€10,99/kg",Iglo Green Cuisine,Congelados/Hambúrgueres e Almôndegas,https://www.continente.pt/dw/image/v2/BDVS_PRD/on/demandware.static/-/Sites-col-master-catalog/default/dwac4a58cf/images/col/780/7808386-cima-direito.jpg?sw=280&sh=280,emb. 454 gr (4 un),https://www.continente.pt/produto/mini-hamburgueres-de-vegetais-iglo-green-cuisine-7808386.html,congelados,2024-11-15,Continente
Gelado Mini Magníficos Biscoito Speculoos,8020324,2.45,"€6,81/lt",Continente,Congelados/Gelados/Gelados de Pauzinho,https://www.continente.pt/dw/image/v2/BDVS_PRD/on/demandware.static/-/Sites-col-master-catalog/default/dwbe7d6a65/images/col/802/8020324-frente.jpg?sw=280&sh=280,emb. 6 un,https://www.continente.pt/produto/gelado-mini-magnificos-biscoito-speculoos-continente-8020324.html,congelados,2024-11-15,Continente
Mariscada de Moçambique Ultracongelada,7477529,24.99,"€31,24/kg",Continente Seleção,Frescos/Peixaria/Marisco/Congelado,https://www.continente.pt/dw/image/v2/BDVS_PRD/on/demandware.static/-/Sites-col-master-catalog/default/dwc8a831e7/images/col/747/7477529-frente.jpg?sw=280&sh=280,emb. 800 gr,https://www.continente.pt/produto/mariscada-de-mocambique-ultracongelada-continente-selecao-7477529.html,congelados,2024-11-15,Continente
Bacalhau Espiritual,7925315,2.49,"€7,11/kg",Continente,Congelados/Refeições Prontas,https://www.continente.pt/dw/image/v2/BDVS_PRD/on/demandware.static/-/Sites-col-master-catalog/default/dwbe95094b/images/col/792/7925315-topshot.jpg?sw=280&sh=280,emb. 350 gr,https://www.continente.pt/produto/bacalhau-espiritual-continente-7925315.html,congelados,2024-11-15,Continente
Gelados Coco Metades sem Glúten,8020303,2.69,"€1,35/un",Continente,Congelados/Gelados/Mini Bites e Sandwich,https://www.continente.pt/dw/image/v2/BDVS_PRD/on/demandware.static/-/Sites-col-master-catalog/default/dwdb3b2a06/images/col/802/8020303-frente.png?sw=280&sh=280,emb. 2 un,https://www.continente.pt/produto/gelados-coco-metades-sem-gluten-continente-8020303.html,congelados,2024-11-15,Continente
Posta de Cação Higienizada Congelado,7949863,9.99,"€1,50/un",Filmar,Frescos/Peixaria/Peixe Congelado,https://www.continente.pt/dw/image/v2/BDVS_PRD/on/demandware.static/-/Sites-col-master-catalog/default/dw69907383/images/col/794/7949863-topshot.jpg?sw=280&sh=280,Quant. Mínima = 150 gr,https://www.continente.pt/produto/posta-de-cacao-higienizada-congelado-filmar-7949863.html,congelados,2024-11-15,Continente
Mini Pizzas de Salame,7947275,3.49,"€9,69/kg",Continente,Congelados/Pizzas,https://www.continente.pt/dw/image/v2/BDVS_PRD/on/demandware.static/-/Sites-col-master-catalog/default/dw95d6d94a/images/col/794/7947275-frente.jpg?sw=280&sh=280,emb 360 gr (12 un),https://www.continente.pt/produto/mini-pizzas-de-salame-continente-7947275.html,congelados,2024-11-15,Continente
Medalhões de Pescada do Cabo Ultracongelada,7647747,5.79,"€11,58/kg",Iglo,"Frescos/Peixaria/Filetes, Lombos e Postas/Congelado",https://www.continente.pt/dw/image/v2/BDVS_PRD/on/demandware.static/-/Sites-col-master-catalog/default/dw1c96766a/images/col/764/7647747-direito.jpg?sw=280&sh=280,emb. 500 gr,https://www.continente.pt/produto/medalhoes-de-pescada-do-cabo-ultracongelada-iglo-7647747.html,congelados,2024-11-15,Continente
Gelado Banana Split,7411089,2.79,"€2,94/lt",Continente,Congelados/Gelados/Gelados Familiares,https://www.continente.pt/dw/image/v2/BDVS_PRD/on/demandware.static/-/Sites-col-master-catalog/default/dw4ae058e8/images/col/741/7411089-hero.jpg?sw=280&sh=280,emb. 950 ml,https://www.continente.pt/produto/gelado-banana-split-continente-7411089.html,congelados,2024-11-15,Continente
Bacalhau do Chefe,7578232,4.99,"€16,63/kg",Riberalves,Congelados/Refeições Prontas,https://www.continente.pt/dw/image/v2/BDVS_PRD/on/demandware.static/-/Sites-col-master-catalog/default/dwea77fccb/images/col/757/7578232-frente.png?sw=280&sh=280,emb. 300 gr,https://www.continente.pt/produto/bacalhau-do-chefe-riberalves-7578232.html,congelados,2024-11-15,Continente
Almôndegas Powered By Plants,7363121,4.08,"€11,33/kg",Continente,Congelados/Hambúrgueres e Almôndegas,https://www.continente.pt/dw/image/v2/BDVS_PRD/on/demandware.static/-/Sites-col-master-catalog/default/dw3477e2e4/images/col/736/7363121-hero.jpg?sw=280&sh=280,emb. 360 gr,https://www.continente.pt/produto/almondegas-powered-by-plants-continente-7363121.html,congelados,2024-11-15,Continente
Gelado Iogurte,7756441,3.29,"€6,58/lt",Continente,Congelados/Gelados/Gelados Americanos,https://www.continente.pt/dw/image/v2/BDVS_PRD/on/demandware.static/-/Sites-col-master-catalog/default/dw1e17f656/images/col/775/7756441-frente.jpg?sw=280&sh=280,emb. 500 ml,https://www.continente.pt/produto/gelado-iogurte-continente-7756441.html,congelados,2024-11-15,Continente
Gelado Mini Chocolate Belga e Avelã,8067114,3.99,"€15,35/lt",Pink Albatross,Congelados/Gelados/Gelados de Pauzinho,https://www.continente.pt/dw/image/v2/BDVS_PRD/on/demandware.static/-/Sites-col-master-catalog/default/dw76931b0e/images/col/806/8067114-frente.png?sw=280&sh=280,emb. 260 ml (4 un),https://www.continente.pt/produto/gelado-mini-chocolate-belga-e-avela-pink-albatross-8067114.html,congelados,2024-11-15,Continente
Nachos Queijo Triângulos Pickers,8009596,2.85,"€12,39/kg",McCain,Congelados/Nuggets e Crocantes,https://www.continente.pt/dw/image/v2/BDVS_PRD/on/demandware.static/-/Sites-col-master-catalog/default/dwfcb88ea1/images/col/800/8009596-frente.png?sw=280&sh=280,emb. 230 gr (9 a 12 un),https://www.continente.pt/produto/nachos-queijo-triangulos-pickers-mccain-8009596.html,congelados,2024-11-15,Continente
Perna de Borrego Congelada,7483600,10.99,"€24,18/un",Continente,Frescos/Talho/Cabrito e Borrego,https://www.continente.pt/dw/image/v2/BDVS_PRD/on/demandware.static/-/Sites-col-master-catalog/default/dw1f81bfec/images/col/748/7483600-frente.jpg?sw=280&sh=280,"emb. 2,2 kg (aprox.)",https://www.continente.pt/produto/perna-de-borrego-congelada-continente-7483600.html,congelados,2024-11-15,Continente
Gelado Manteiga de Amendoim e Brownie Caramelo,7785005,3.29,"€6,58/lt",Oh My Moo,Congelados/Gelados/Gelados Americanos,https://www.continente.pt/dw/image/v2/BDVS_PRD/on/demandware.static/-/Sites-col-master-catalog/default/dw60199682/images/col/778/7785005-frente.jpg?sw=280&sh=280,emb. 500 ml,https://www.continente.pt/produto/gelado-manteiga-de-amendoim-e-brownie-caramelo-oh-my-moo-7785005.html,congelados,2024-11-15,Continente
Tentáculos de Pota Congelados,7628088,3.99,"€7,98/kg",,"Frescos/Peixaria/Polvo, Lulas e Chocos/Congelado",https://www.continente.pt/dw/image/v2/BDVS_PRD/on/demandware.static/-/Sites-col-master-catalog/default/dw93f3acad/images/col/762/7628088-frente.jpg?sw=280&sh=280,emb. 500 gr,https://www.continente.pt/produto/tentaculos-de-pota-congelados-7628088.html,congelados,2024-11-15,Continente
Calamares,8044632,2.69,"€5,38/kg",Continente,"Congelados/Salgados, Folhados e Pastelaria/Salgados",https://www.continente.pt/dw/image/v2/BDVS_PRD/on/demandware.static/-/Sites-col-master-catalog/default/dw3e0ff327/images/col/804/8044632-frente.jpg?sw=280&sh=280,emb. 500 gr,https://www.continente.pt/produto/calamares-continente-8044632.html,congelados,2024-11-15,Continente
Croissant Simples,7866776,15.74,"€10,49/kg",Panike,"Congelados/Salgados, Folhados e Pastelaria/Pastelaria Doce",https://www.continente.pt/dw/image/v2/BDVS_PRD/on/demandware.static/-/Sites-col-master-catalog/default/dwb1476be8/images/col/786/7866776-frente-amb.png?sw=280&sh=280,emb. 20 un,https://www.continente.pt/produto/croissant-simples-panike-7866776.html,congelados,2024-11-15,Continente
Mini Cheesecake de Caramelo Salgado,6888943,2.99,"€14,95/kg",Continente Seleção,Congelados/Sobremesas/Bolos Congelados,https://www.continente.pt/dw/image/v2/BDVS_PRD/on/demandware.static/-/Sites-col-master-catalog/default/dw5c929487/images/col/688/6888943-frente.jpg?sw=280&sh=280,emb. 200 gr (2 un),https://www.continente.pt/produto/mini-cheesecake-de-caramelo-salgado-continente-selecao-6888943.html,congelados,2024-11-15,Continente
Mistura de Legumes Estilo Francês,6813891,2.29,"€3,05/kg",Continente,Congelados/Frutas e Legumes/Misturas de Legumes,https://www.continente.pt/dw/image/v2/BDVS_PRD/on/demandware.static/-/Sites-col-master-catalog/default/dw88aa58c8/images/col/681/6813891-frente.jpg?sw=280&sh=280,emb. 750 gr,https://www.continente.pt/produto/mistura-de-legumes-estilo-frances-continente-6813891.html,congelados,2024-11-15,Continente
Gelado Cookie Dough,7785008,3.29,"€6,58/lt",Oh My Moo,Congelados/Gelados/Gelados Americanos,https://www.continente.pt/dw/image/v2/BDVS_PRD/on/demandware.static/-/Sites-col-master-catalog/default/dwca188bfe/images/col/778/7785008-frente.jpg?sw=280&sh=280,emb. 500 ml,https://www.continente.pt/produto/gelado-cookie-dough-oh-my-moo-7785008.html,congelados,2024-11-15,Continente
Unhas de Porco Congeladas,7484545,2.29,"€2,29/un",Continente,Frescos/Talho/Porco,https://www.continente.pt/dw/image/v2/BDVS_PRD/on/demandware.static/-/Sites-col-master-catalog/default/dwc49c21e0/images/col/748/7484545-frente.jpg?sw=280&sh=280,emb. 1 kg (aprox.),https://www.continente.pt/produto/unhas-de-porco-congeladas-continente-7484545.html,congelados,2024-11-15,Continente
Bocas de Sapateira Cozida Congelada,7803470,12.99,"€25,98/kg",Errigal Bay,Frescos/Peixaria/Marisco/Congelado,https://www.continente.pt/dw/image/v2/BDVS_PRD/on/demandware.static/-/Sites-col-master-catalog/default/dwe049ee82/images/col/780/7803470-frente.jpg?sw=280&sh=280,emb. 500 gr,https://www.continente.pt/produto/bocas-de-sapateira-cozida-congelada-errigal-bay-7803470.html,congelados,2024-11-15,Continente
Mexilhão Meia Concha da Nova Zelândia Ultracongelado,7515356,4.49,"€17,96/kg",Continente Seleção,Frescos/Peixaria/Marisco/Congelado,https://www.continente.pt/dw/image/v2/BDVS_PRD/on/demandware.static/-/Sites-col-master-catalog/default/dw1892ee9c/images/col/751/7515356-frente.jpg?sw=280&sh=280,emb. 250 gr,https://www.continente.pt/produto/mexilhao-meia-concha-da-nova-zelandia-ultracongelado-continente-selecao-7515356.html,congelados,2024-11-15,Continente
Lasanha de Vegetais,5005223,6.39,"€18,79/kg",Origens Bio,Congelados/Refeições Prontas,https://www.continente.pt/dw/image/v2/BDVS_PRD/on/demandware.static/-/Sites-col-master-catalog/default/dw18608dd1/images/col/500/5005223-direito.jpg?sw=280&sh=280,emb. 340 gr,https://www.continente.pt/produto/lasanha-de-vegetais-origens-bio-5005223.html,congelados,2024-11-15,Continente
,,0.0,"€26,95/kg",,,https://www.continente.pt/dw/image/v2/BDVS_PRD/on/demandware.static/-/Sites-col-master-catalog/default/dw783264ba/images/col/745/7450709-frente.jpg?sw=280&sh=280,emb. 200 gr (2 un),https://www.continente.pt/produto/chickn-panados-veggis-7450709.html,congelados,2024-11-15,Continente
Gelado Caramelo e Brownie Vegan,7800880,4.99,"€9,98/lt",Swee,Congelados/Gelados/Gelados Americanos,https://www.continente.pt/dw/image/v2/BDVS_PRD/on/demandware.static/-/Sites-col-master-catalog/default/dwa3fbc722/images/col/780/7800880-frente.png?sw=280&sh=280,emb. 500 ml,https://www.continente.pt/produto/gelado-caramelo-e-brownie-vegan-swee-7800880.html,congelados,2024-11-15,Continente
Gelado Sunny Honey Home,7834376,6.79,"€14,60/lt",Ben & Jerrys,Congelados/Gelados/Gelados Americanos,https://www.continente.pt/dw/image/v2/BDVS_PRD/on/demandware.static/-/Sites-col-master-catalog/default/dwfcb37b61/images/col/783/7834376-hero.jpg?sw=280&sh=280,emb. 465 ml,https://www.continente.pt/produto/gelado-sunny-honey-home-ben-jerrys-7834376.html,congelados,2024-11-15,Continente
Pato Inteiro com Miúdos Congelado,6218899,4.49,"€11,23/un",Continente,Frescos/Talho/Pato e Coelho,https://www.continente.pt/dw/image/v2/BDVS_PRD/on/demandware.static/-/Sites-col-master-catalog/default/dw70742b93/images/col/621/6218899-frente.jpg?sw=280&sh=280,"emb. 2,5 kg (aprox.)",https://www.continente.pt/produto/pato-inteiro-com-miudos-congelado-continente-6218899.html,congelados,2024-11-15,Continente
Camarão de Madagáscar Selvagem Ultracongelado,7337338,4.49,"€11,22/kg",Continente,Frescos/Peixaria/Marisco/Congelado,https://www.continente.pt/dw/image/v2/BDVS_PRD/on/demandware.static/-/Sites-col-master-catalog/default/dw06d8a906/images/col/733/7337338-frente.jpg?sw=280&sh=280,emb. 400 gr,https://www.continente.pt/produto/camarao-de-madagascar-selvagem-ultracongelado-continente-7337338.html,congelados,2024-11-15,Continente
Gelado Chocolate e Brownie Vegan,7800882,4.99,"€9,98/lt",Swee,Congelados/Gelados/Gelados Americanos,https://www.continente.pt/dw/image/v2/BDVS_PRD/on/demandware.static/-/Sites-col-master-catalog/default/dw895b3c7d/images/col/780/7800882-frente.png?sw=280&sh=280,emb. 500 ml,https://www.continente.pt/produto/gelado-chocolate-e-brownie-vegan-swee-7800882.html,congelados,2024-11-15,Continente
Porções de Atum-Albacora MSC Marinado Ultracongelado,7574671,5.99,"€23,96/kg",Kold Fin,Frescos/Peixaria/Peixe Congelado,https://www.continente.pt/dw/image/v2/BDVS_PRD/on/demandware.static/-/Sites-col-master-catalog/default/dw67131153/images/col/757/7574671-frente.jpg?sw=280&sh=280,emb.250 gr,https://www.continente.pt/produto/porcoes-de-atum-albacora-msc-marinado-ultracongelado-kold-fin-7574671.html,congelados,2024-11-15,Continente
Mini Cheesecake de Framboesa,6888962,2.99,"€14,95/kg",Continente Seleção,Congelados/Sobremesas/Bolos Congelados,https://www.continente.pt/dw/image/v2/BDVS_PRD/on/demandware.static/-/Sites-col-master-catalog/default/dw1c5a0671/images/col/688/6888962-frente.jpg?sw=280&sh=280,emb. 200 gr (2 un),https://www.continente.pt/produto/mini-cheesecake-de-framboesa-continente-selecao-6888962.html,congelados,2024-11-15,Continente
Pastéis de Legumes,6470679,4.39,"€15,68/kg",Veggis,"Congelados/Salgados, Folhados e Pastelaria/Salgados",https://www.continente.pt/dw/image/v2/BDVS_PRD/on/demandware.static/-/Sites-col-master-catalog/default/dwb99e1281/images/col/647/6470679-frente.jpg?sw=280&sh=280,emb. 280 gr,https://www.continente.pt/produto/pasteis-de-legumes-veggis-6470679.html,congelados,2024-11-15,Continente
Bolo Brigadeiro,6881817,9.99,"€12,49/kg",Da Nossa Pastelaria,Frescos/Padaria e Pastelaria/Bolos e Sobremesas,https://www.continente.pt/dw/image/v2/BDVS_PRD/on/demandware.static/-/Sites-col-master-catalog/default/dwca0ac39d/images/col/688/6881817-frente-com-fatia.jpg?sw=280&sh=280,emb. 800 gr,https://www.continente.pt/produto/bolo-brigadeiro-da-nossa-pastelaria-6881817.html,congelados,2024-11-15,Continente
Miolo de Vieira Ultracongelado,7621374,7.49,"€29,96/kg",Continente Seleção,Destaques/Cupões EntregaZero/Continente Seleção,https://www.continente.pt/dw/image/v2/BDVS_PRD/on/demandware.static/-/Sites-col-master-catalog/default/dw0efb5059/images/col/762/7621374-frente.jpg?sw=280&sh=280,emb. 250 gr,https://www.continente.pt/produto/miolo-de-vieira-ultracongelado-continente-selecao-7621374.html,congelados,2024-11-15,Continente
Gelado Mini Double Sunlover,7724755,6.99,"€21,18/lt",Magnum,Congelados/Gelados/Gelados de Pauzinho,https://www.continente.pt/dw/image/v2/BDVS_PRD/on/demandware.static/-/Sites-col-master-catalog/default/dw86cf2a65/images/col/772/7724755-hero.jpg?sw=280&sh=280,emb. 330 ml (6 un),https://www.continente.pt/produto/gelado-mini-double-sunlover-magnum-7724755.html,congelados,2024-11-15,Continente
Gelado Cookie Vermont-Ster Sundae,7521724,7.49,"€17,54/lt",Ben & Jerrys,Congelados/Gelados/Gelados Americanos,https://www.continente.pt/dw/image/v2/BDVS_PRD/on/demandware.static/-/Sites-col-master-catalog/default/dwacb8dd9a/images/col/752/7521724-hero.jpg?sw=280&sh=280,emb. 427 ml,https://www.continente.pt/produto/gelado-cookie-vermont-ster-sundae-ben-jerrys-7521724.html,congelados,2024-11-15,Continente
Gelado Mix Kids,7730113,6.29,"€15,80/lt",Olá,Congelados/Gelados/Gelados Infantis,https://www.continente.pt/dw/image/v2/BDVS_PRD/on/demandware.static/-/Sites-col-master-catalog/default/dwdbcdeea2/images/col/773/7730113-hero.jpg?sw=280&sh=280,emb. 398 ml (8 un),https://www.continente.pt/produto/gelado-mix-kids-ola-7730113.html,congelados,2024-11-15,Continente
Folhado Combinado de Carne,7866741,13.8,"€6,36/kg",Panike,Frescos/Padaria e Pastelaria/Pastelaria Sortida,https://www.continente.pt/dw/image/v2/BDVS_PRD/on/demandware.static/-/Sites-col-master-catalog/default/dw40f035fe/images/col/786/7866741-frente-amb.jpg?sw=280&sh=280,emb. 12 un,https://www.continente.pt/produto/folhado-combinado-de-carne-panike-7866741.html,congelados,2024-11-15,Continente
Soja aos Pedaços Marinada,7049538,4.99,"€27,72/kg",Heura,Congelados/Refeições Prontas,https://www.continente.pt/dw/image/v2/BDVS_PRD/on/demandware.static/-/Sites-col-master-catalog/default/dwafec81f4/images/col/704/7049538-direito.jpg?sw=280&sh=280,emb. 180 gr,https://www.continente.pt/produto/soja-aos-pedacos-marinada-heura-7049538.html,congelados,2024-11-15,Continente
Lombos de Bacalhau Skrei Congelado,7683739,8.99,"€22,48/kg",Ar-t Morhua,Frescos/Peixaria/Bacalhau/Congelado,https://www.continente.pt/dw/image/v2/BDVS_PRD/on/demandware.static/-/Sites-col-master-catalog/default/dw7cc47921/images/col/768/7683739-cima.jpg?sw=280&sh=280,emb. 400 gr,https://www.continente.pt/produto/lombos-de-bacalhau-skrei-congelado-ar-t-morhua-7683739.html,congelados,2024-11-15,Continente
Gelado Macaron Double Chocolate,7753798,7.79,"€18,55/lt",Häagen-Dazs,Congelados/Gelados/Gelados Americanos,https://www.continente.pt/dw/image/v2/BDVS_PRD/on/demandware.static/-/Sites-col-master-catalog/default/dwb8219b18/images/col/775/7753798-frente.jpg?sw=280&sh=280,emb. 420 ml,https://www.continente.pt/produto/gelado-macaron-double-chocolate-haagen-dazs-7753798.html,congelados,2024-11-15,Continente
Posta de Pescada do Chile MSC Congelada,7797023,7.4,"€18,50/kg",Europacífico,"Frescos/Peixaria/Filetes, Lombos e Postas/Congelado",https://www.continente.pt/dw/image/v2/BDVS_PRD/on/demandware.static/-/Sites-col-master-catalog/default/dwe15b2acf/images/col/779/7797023-cima.jpg?sw=280&sh=280,emb. 400 gr,https://www.continente.pt/produto/posta-de-pescada-do-chile-msc-congelada-europacifico-7797023.html,congelados,2024-11-15,Continente
,,0.0,"€14,60/lt",,,https://www.continente.pt/dw/image/v2/BDVS_PRD/on/demandware.static/-/Sites-col-master-catalog/default/dw4670068a/images/col/710/7105464-hero.jpg?sw=280&sh=280,emb. 465 ml,https://www.continente.pt/produto/gelado-netflix-chillld-ben-jerrys-7105464.html,congelados,2024-11-15,Continente
,,0.0,"€17,54/lt",,,https://www.continente.pt/dw/image/v2/BDVS_PRD/on/demandware.static/-/Sites-col-master-catalog/default/dw71a59c6b/images/col/794/7947237-frente.jpg?sw=280&sh=280,emb. 427 ml,https://www.continente.pt/produto/gelado-marshmallow-smore-sundae-ben-jerrys-7947237.html,congelados,2024-11-15,Continente
