,weight,weight_unit,quantity,qty_unit,product_name
0,33.0,cl,1.0,un,Água Pingo Doce 33 cl
1,50.0,cl,1.0,un,Água Pingo Doce 50 cl
2,20.0,cl,6.0,un,Iced Tea Pêssego Pingo Doce 6×20 cl
3,25.0,cl,1.0,un,Água com Gás Pingo Doce 25 cl
4,20.0,cl,1.0,un,Néctar de 8 Frutos Pingo Doce 20 cl
5,20.0,cl,1.0,un,Sumo 100% Maçã Pingo Doce 20 cl
6,1500.0,L,1.0,un,"Água Pingo Doce 1,5 L"
7,20.0,cl,1.0,un,Sumo 100% Pera Rocha Pingo Doce 20 cl
8,33.0,cl,1.0,un,Refrigerante com Gás Cola Zero Lata Pingo Doce 33 cl
9,25.0,cl,1.0,un,Néctar Clássico de Pêssego Pingo Doce 25 cl
10,25.0,cl,1.0,un,Nectaríssimo de Pera Pingo Doce 25 cl
11,20.0,cl,1.0,un,Bebida de Frutas e Vitaminas Tropical Pingo Doce 20 cl
12,25.0,cl,1.0,un,Néctar Clássico de Tutti Frutti Pingo Doce 25 cl
13,20.0,cl,1.0,un,Bebida de Frutas e Vitaminas Pêssego Pingo Doce 20 cl
14,20.0,cl,1.0,un,Sumo 100% Laranja Pingo Doce 20 cl
15,25.0,cl,1.0,un,Néctar Clássico de Manga Pingo Doce 25 cl
16,25.0,cl,1.0,un,"Nectaríssimo de Ananás, Laranja e Coco Pingo Doce 25 cl"
17,25.0,cl,1.0,un,"Néctar Clássico de Maracujá, Maçã e Manga Pingo Doce 25 cl"
18,25.0,cl,1.0,un,Bebida Anti-ox com Frutos Vermelhos Pingo Doce 25 cl
19,33.0,cl,1.0,un,Refrigerante com Gás Cola Original Lata Pingo Doce 33 cl
20,25.0,cl,1.0,un,Água com Gás Limão Pingo Doce 25 cl
21,33.0,cl,1.0,un,Água Tónica Lata Pingo Doce 33 cl
22,1500.0,L,1.0,un,"Água Alcalina Ionizada Pingo Doce 1,5L"
23,33.0,cl,1.0,un,Iced Tea Manga Lata Pingo Doce 33 cl
24,33.0,cl,1.0,un,Refrigerante com Gás Lima-Limão Lata Pingo Doce 33 cl
25,33.0,cl,1.0,un,Iced Tea Pêssego Lata Pingo Doce 33 cl
26,33.0,cl,1.0,un,Iced Tea Limão Lata Pingo Doce 33 cl
27,,,500.0,ml,Refrigerante com Gás Cola Zero Pingo Doce 500 ml
28,25.0,cl,1.0,un,Vinho Branco Tetra Brick Pingo Doce 25 cl
29,25.0,cl,1.0,un,Vinho Tinto Tetra Brick Pingo Doce 25 cl
30,1500.0,L,1.0,un,"Gasosa Zero Pingo Doce 1,5L"
31,,,500.0,ml,Refrigerante com Gás Cola Original Pingo Doce 500 ml
32,33.0,cl,1.0,un,Sidra com Álcool Maçã Pingo Doce 33 cl
33,2000.0,L,1.0,un,Refrigerante com Gás Cola Zero Pingo Doce 2 L
34,50.0,cl,1.0,un,Iced Tea Pêssego Pingo Doce 50 cl
35,50.0,cl,1.0,un,Iced Tea Manga Pingo Doce 50 cl
36,6000.0,L,1.0,un,Água Pingo Doce 6 L
37,1000.0,L,1.0,un,Vinho Branco Tetra Brick Pingo Doce 1 L
38,1000.0,L,1.0,un,Vinho Tinto Tetra Brick Pingo Doce 1 L
39,2000.0,L,1.0,un,Iced Tea Manga Zero Açúcar Pingo Doce 2 L
40,2000.0,L,1.0,un,Iced Tea Pêssego Zero Açúcar Pingo Doce 2 L
41,25.0,cl,1.0,un,Sumo Natural de Laranja e Maçã Pingo Doce 25 cl
42,25.0,cl,1.0,un,Sumo Natural de Maçã Pingo Doce 25 cl
43,25.0,cl,1.0,un,Sumo Natural de Maçã e Cenoura Pingo Doce 25 cl
44,2000.0,L,1.0,un,Refrigerante com Gás Lima-Limão Pingo Doce 2 L
45,1500.0,L,1.0,un,"Refrigerante sem Gás de Laranja Pingo Doce 1,5 L"
46,1500.0,L,1.0,un,"Refrigerante com Gás Laranja Pingo Doce 1,5 L"
47,1000.0,L,1.0,un,Néctar Clássico de Romã e Uva Pingo Doce 1 L
48,25.0,cl,1.0,un,Smoothie Açaí Mix Pingo Doce 25 cl
49,25.0,cl,1.0,un,Super Smoothie com Manga e Goji Pingo Doce 25 cl
0,25.0,cl,1.0,un,Smoothie com Mirtilo e Romã Pingo Doce 25 cl
1,25.0,cl,1.0,un,Smoothie + Vitamina com Linhaça e Frutos Tropicais Pingo Doce 25 cl
2,125.0,ml,1.0,un,"Bebida Shot Botanic com Maçã, Infusão de Camomila e Lavanda e Espirulina Pingo Doce 125 ml"
3,125.0,ml,1.0,un,"Bebida Shot com Maçã, Romã, Baga de Sabugueiro e Limão Pingo Doce 125 ml"
4,125.0,ml,1.0,un,"Bebida Shot de Vitamina C com Maçã, Laranja, Gengibre e Inulina Pingo Doce 125 ml"
5,1.0,L,1.0,un,Néctar Clássico de Pêssego Pingo Doce 1L
6,1.5,L,1.0,un,"Refrigerante com Gás Ananás Pingo Doce 1,5 L"
7,1.5,L,1.0,un,"Refrigerante sem Gás de Ananás Pingo Doce 1,5 L"
8,1.5,L,1.0,un,"Sumo 100% Maçã Pingo Doce 1,5 L"
9,1.0,L,1.0,un,"Nectaríssimo de Maracujá, Maçã e Manga Pingo Doce 1 L"
10,1.0,L,1.0,un,Bebida Anti-ox com Frutos Vermelhos Pingo Doce 1 L
11,1.0,L,1.0,un,Nectaríssimo de Pêssego Light Pingo Doce 1 L
12,1.0,L,1.0,un,Nectaríssimo Tropical Light Pingo Doce 1 L
13,1.0,L,1.0,un,"Nectaríssimo de Ananás, Laranja e Coco Pingo Doce 1 L"
14,1.0,L,1.0,un,Néctar de 8 Frutos Pingo Doce 1 L
15,1.0,L,1.0,un,Néctar Clássico de Tutti Frutti Pingo Doce 1L
16,1.5,L,1.0,un,"Iced Tea Pêssego Pingo Doce 1,5 L"
17,1.5,L,1.0,un,"Iced Tea Limão Pingo Doce 1,5 L"
18,1.5,L,1.0,un,"Iced Tea Manga Pingo Doce 1,5 L"
19,1.0,L,1.0,un,Néctar Clássico de Manga Pingo Doce 1 L
20,20.0,cl,6.0,un,Iced Tea Limão Pingo Doce 6×20 cl
21,2.0,L,1.0,un,Iced Tea Manga Pingo Doce 2 L
22,2.0,L,1.0,un,Iced Tea Pêssego Pingo Doce 2 L
23,2.0,L,1.0,un,Iced Tea Limão Pingo Doce 2 L
24,33.0,cl,1.0,un,Smoothie 100% Fruta com Frutos Vermelhos Pingo Doce 33 cl
25,33.0,cl,1.0,un,Smoothie 100% Frutos Tropicais Pingo Doce 33 cl
26,33.0,cl,1.0,un,Sumo 100% Fruta Espremida Laranja Pingo Doce 33 cl
27,250.0,ml,1.0,un,Smoothie com  Chia e Maracujá Pingo Doce 250 ml
28,250.0,ml,1.0,un,Smoothie de Ananás e Physalis Pingo Doce 250 ml
29,75.0,cl,1.0,un,Limonada Clássica Pingo Doce 75 cl
30,2.0,L,1.0,un,Refrigerante com Gás Cola Original Pingo Doce 2 L
31,1.5,L,1.0,un,"Refrigerante sem Gás de Laranja e Maracujá Pingo Doce 1,5 L"
32,75.0,cl,1.0,un,Sumo 100% Fruta Espremida Maçã Pingo Doce 75 cl
33,1.5,L,1.0,un,"Sumo 100% Pera Rocha Pingo Doce 1,5 L"
34,1.5,L,1.0,un,"Tisana de Romã e Camomila Pingo Doce 1,5 L"
35,1.5,L,1.0,un,"Tisana de Limão e Chá Verde Pingo Doce 1,5 L"
36,75.0,cl,1.0,un,Sumo 100% Fruta Espremida Ananás Pingo Doce 75 cl
37,25.0,cl,1.0,un,"Sumo de Frutas e Vegetais Pepino, Aipo, Couve e Espinafres Pingo Doce 25 cl"
38,25.0,cl,1.0,un,"Sumo de Frutas e Vegetais Cenoura, Pera e Beterraba Pingo Doce 25 cl"
39,25.0,cl,1.0,un,Sumo de Frutas e Vegetais Cenoura e Gengibre Pingo Doce 25 cl
40,25.0,cl,1.0,un,"Sumo de Maçã, Limão e Hortelã Pingo Doce 25 cl"
41,75.0,cl,1.0,un,Limonada de Frutos Vermelhos Pingo Doce 75 cl
42,750.0,ml,1.0,un,Limonada com Maracujá Pingo Doce 750 ml
43,75.0,cl,1.0,un,Smoothie 100% Frutos Tropicais Pingo Doce 75 cl
44,75.0,cl,1.0,un,Smoothie 100% Fruta com Ananás e Coco Pingo Doce 75 cl
45,1.5,L,1.0,un,"Sangria Tinta Pingo Doce 1,5 L"
46,75.0,cl,1.0,un,"Sumo de Uva, Framboesa e Cereja Pingo Doce 75 cl"
47,75.0,cl,1.0,un,Sumo 100% Fruta Espremida Exótico Pingo Doce 75 cl
48,750.0,ml,1.0,un,Smoothie de Banana e Morango Pingo Doce 750 ml
0,1.5,L,1.0,un,"Sangria Branca Pingo Doce 1,5 L"
1,1.5,L,1.0,un,"Sumo 100% Tropical Pingo Doce 1,5 L"
2,37.0,cl,1.0,un,Kombucha Coco Pingo Doce 37cl
3,37.0,cl,1.0,un,Kombucha Framboesa Pingo Doce 37cl
4,1.0,L,1.0,un,Sumo 100% Fruta Espremida Laranja Pingo Doce 1 L
5,750.0,ml,1.0,un,"Sumo de Maçã, Coco, Uva e Spirulina Pingo Doce 750 ml"
6,250.0,ml,1.0,un,Smoothie de Abacate com Maçã Pingo Doce 250 ml
7,75.0,cl,1.0,un,Sumo Natural de Laranja e Maçã Pingo Doce 75 cl
8,75.0,cl,1.0,un,Sumo Natural de Maçã e Cenoura Pingo Doce 75 cl
9,75.0,cl,1.0,un,Sumo Natural de Maçã Pingo Doce 75 cl
10,750.0,ml,1.0,un,Piña Colada sem Álcool Pingo Doce 750 ml
11,750.0,ml,1.0,un,"Mojito de Limão, Lima e Maçã sem Álcool Pingo Doce 750 ml"
12,750.0,ml,1.0,un,Daiquiri de Morango e Limão Pingo Doce 750 ml
13,1.5,L,1.0,un,"Sumo 100% Laranja Pingo Doce 1,5 L"
14,1.0,L,1.0,un,Sumo 100% Fruta Espremida Tangerina Pingo Doce 1 L
15,25.0,cl,6.0,un,Panaché Pingo Doce 6×25 cl
16,75.0,cl,1.0,un,Vinho Tinto Alentejo Bag in Box Pingo Doce 75 cl
17,70.0,g,1.0,un,Rúcula Selvagem Pingo Doce 70 g
18,200.0,g,1.0,un,Caldo Verde Pingo Doce 200 g
19,300.0,g,1.0,un,Salada Iceberg Pingo Doce 300 g
20,125.0,g,1.0,un,Alface Frisada Pingo Doce 125 g
21,170.0,g,1.0,un,Espinafres Frescos Pingo Doce 170 g
22,200.0,g,1.0,un,Salada Premium Pingo Doce 200 g
23,150.0,g,1.0,un,Nabiças Pingo Doce 150 g
24,175.0,g,1.0,un,Salada Gourmet Pingo Doce 175 g
25,250.0,g,1.0,un,Salada Camponesa Pingo Doce 250 g
26,150.0,g,1.0,un,Agrião Pingo Doce 150 g
27,150.0,g,1.0,un,Salada Alentejana Pingo Doce 150 g
28,150.0,g,1.0,un,Salada Ibéria Pingo Doce 150 g
29,150.0,g,1.0,un,Salada Fresca Pingo Doce 150 g
30,220.0,g,1.0,un,Cogumelos Frescos Portobello Embalados Pingo Doce 220 g
31,250.0,g,1.0,un,Cogumelos Frescos Brancos Embalados Pingo Doce 250 g
32,200.0,g,1.0,un,Cogumelos Frescos Pleurothus Embalados Pingo Doce 200 g
33,300.0,g,1.0,un,Esparguete de Curgete Pingo Doce 300 g
34,200.0,g,1.0,un,Cogumelos Frescos Shitake Embalados Pingo Doce 200 g
35,90.0,g,1.0,un,Sabonete Sólido Leite e Mel Pingo Doce 90 g
36,90.0,g,1.0,un,Sabonete Sólido Manteiga de Karité e Argão Pingo Doce 90 g
37,90.0,g,1.0,un,Sabonete Sólido Pêssego Pingo Doce 90 g
38,90.0,g,1.0,un,Sabonete Sólido Baunilha e Coco Pingo Doce 90 g
39,100.0,g,1.0,un,Sabonete de Glicerina Mel Pingo Doce 100 g
40,100.0,g,1.0,un,Sabonete de Glicerina Clássico Pingo Doce 100 g
41,100.0,ml,1.0,un,Soro Fisiológico Pingo Doce 100 ml
42,75.0,ml,1.0,un,Pasta de Dentes Herbal Pingo Doce 75 ml
43,,,15.0,un,Toalhitas Refrescantes Pingo Doce 15 un
44,,,30.0,un,Pensos Rápidos Clássicos Pingo Doce 30 un
45,100.0,g,1.0,un,Sabonete de Glicerina Framboesa Pingo Doce 100 g
46,500.0,ml,1.0,un,Água Oxigenada Pingo Doce 500 ml
47,,,20.0,un,Pensos Rápidos Clássicos para Crianças Pingo Doce 20 un
48,75.0,ml,1.0,un,Pasta de Dentes com Flúor Activo Pingo Doce 75 ml
49,9.0,un,1.0,un,Pensos Rápidos Almofadas Ovais para Calos Pingo Doce 9 un
0,,,100.0,un,Algodão Bolas Coloridas Pingo Doce 100 un
1,,,10.0,un,Pensos Rápidos para Calos Pingo Doce 10 un
2,,,6.0,un,Lenços de Bolso Mentol Pingo Doce 6 un
3,75.0,ml,1.0,un,Pasta de Dentes Branqueadora Pingo Doce 75 ml
4,75.0,ml,1.0,un,Pasta de Dentes Proteção Total Pingo Doce 75 ml
5,,,1.0,un,Escova de Dentes Infantil 2-6 anos Pingo Doce 1 un
6,,,6.0,un,Lenços de Bolso Kids Pingo Doce 6 un
7,75.0,ml,1.0,un,Pasta de Dentes Júnior +6 anos Pingo Doce 75 ml
8,,,2.0,un,Escova de Dentes Flexible Suave Pingo Doce 2 un
9,,,2.0,un,Escova de Dentes Flexible Média Pingo Doce 2 un
10,75.0,ml,1.0,un,Pasta de Dentes Frescura Máxima Pingo Doce 75 ml
11,500.0,ml,1.0,un,Sabonete Líquido Pingo Doce 500 ml
12,250.0,ml,1.0,un,Álcool Etílico 96º Pingo Doce 250 ml
13,,,1.0,un,Esponja Puff Pingo Doce 1 un
14,,,1.0,un,Escova de Dentes Infantil +6 anos Pingo Doce 1 un
15,,,1.0,un,Banda Adesiva PingoDoce 1 un
16,,,20.0,un,Pensos Rápidos Finos Impermiáveis Pingo Doce 20 un
17,75.0,ml,1.0,un,Pasta de Dentes Pro Gengivas Pingo Doce 75 ml
18,75.0,ml,1.0,un,Pasta de Dentes Sensitive Branqueadora Pingo Doce 75 ml
19,50.0,m,1.0,un,Fio Dentário Menta Fresca e Flúor 50m Pingo Doce 1 un
20,100.0,ml,1.0,un,Pasta de Dentes 2 em 1 Fresh Pingo Doce 100 ml
21,,,20.0,un,Toalhitas Íntimas Hipoalergénicas Pingo Doce 20 un
22,200.0,g,1.0,un,Algodão Zig Zag Pingo Doce 200 g
23,1.0,L,1.0,un,Gel de Banho Frutado Pingo Doce 1 L
24,,,10.0,un,Esponjas de Banho com Sabão Pingo Doce 10 un
25,,,2.0,un,Batom Hidratante Pingo Doce 2 un
26,,,10.0,un,Lenços de Bolso Compactos Pingo Doce 10 un
27,,,10.0,un,Penso Higiénico Super Noite com Abas Super Noite Pingo Doce 10 un
28,,,30.0,un,Penso Higiénico Protege Slip Duoform Pingo Doce 30Un
29,,,16.0,un,Penso Higiénico Clássico com Abas Pingo Doce 16 un
30,,,1.0,un,Escova de Dentes Sensitive Microfilamentos Pingo Doce 1 un
31,75.0,ml,1.0,un,Pasta de Dentes Branqueadora com Carvão Activado Pingo Doce 75 ml
32,500.0,ml,1.0,un,Sabonete Líquido Doseador Maçãs Verdes Pingo Doce 500 ml
33,500.0,ml,1.0,un,Sabonete Líquido Doseador Leite e Mel Pingo Doce 500 ml
34,500.0,ml,1.0,un,Sabonete Líquido Doseador Hidratante Pingo Doce 500 ml
35,500.0,ml,1.0,un,Sabonete Líquido Antiodores Doseador Pingo Doce 500 ml
36,,,100.0,un,Lenços Faciais Nature Pingo Doce 100 un
37,50.0,m,1.0,un,Fio Dentário Carvão Ativado 50m Pingo Doce 1 un
38,,,2.0,un,Batom Hidratante Rosa Pingo Doce 2 un
39,,,16.0,un,Penso Higiénico Normal com Abas Aloe Vera Pingo Doce 16 un
40,,,30.0,un,Penso Higiénico Diário Protege Slip Aloe Vera Pingo Doce 30 un
41,,,2.0,un,Escova de Dentes Pro Gengivas Média Pingo Doce 2 un
42,,,2.0,un,Escova de Dentes Pro Gengivas Suave Pingo Doce 2 un
43,25.0,m,1.0,un,Fita Dentária Super Deslizante 25m Pingo Doce 1 un
44,1.0,L,1.0,un,Sabonete Líquido Recarga Leite e Mel Pingo Doce 1 L
45,300.0,ml,1.0,un,Sabonete Espuma Doseador Sakura Pingo Doce 300 ml
46,,,96.0,un,Papel Higiénico Húmido Pingo Doce 96 un
47,,,1.0,un,Escova de Dentes Perfect White Média Pingo Doce 2 un
48,,,2.0,un,Escova de Dentes Perfect White Suave Pingo Doce 2 un
49,,,100.0,un,Compressas de Tecido Não Tecido 10×10 Pingo Doce 100 un
0,,,64.0,un,Penso Higiénico Diário Protege Slip Normal Pingo Doce 64 un
1,300.0,ml,1.0,un,Sabonete Espuma Doseador Lima e Menta Pingo Doce 300 ml
2,,,30.0,un,Penso Higiénico Protetor Diário Cotton Normal Pingo Doce 30 un
3,,,12.0,un,Penso Higiénico Cotton Super com Abas Pingo Doce 12 un
4,,,14.0,un,Penso Higiénico Cotton Normal com Abas Pingo Doce 14 un
5,,,100.0,un,Pensos Rápidos Clássicos Sortido Pingo Doce 100 un
6,,,1.0,un,Escova para Próteses Dentárias Pingo Doce 1 un
7,,,50.0,un,Protetor Diário Ultrafino Pingo Doce 50 un
8,750.0,ml,1.0,un,Gel de Banho Pure & Clean Pingo Doce 750 ml
9,,,20.0,un,Toalhitas Íntimas Monodoses Pingo Doce 20 un
10,,,10.0,un,Compressa de Gaze 20×20 Pingo Doce 10 un
11,,,6.0,un,Escovilhões Dentários Interdental Pingo Doce 6 un
12,1000.0,ml,1.0,un,Gel de Banho Mel e Coco Pingo Doce 1 L
13,1000.0,ml,1.0,un,Gel de Banho Leite e Mel Pingo Doce 1 L
14,1000.0,ml,1.0,un,Gel de Banho Flor de Laranjeira Pingo Doce 1 L
15,1000.0,ml,1.0,un,Gel de Banho Natura Hidratante Pingo Doce 1L
16,100.0,ml,1.0,un,Vaselina Purificada Pingo Doce 100 ml
17,,,52.0,un,Penso Higiénico Diário Protege Slip Maxi Pingo Doce 52 un
18,,,28.0,un,Penso Higiénico Normal com Abas Pingo Doce 28 un
19,,,32.0,un,Tampão Mini sem Aplicador Pingo Doce 32 un
20,,,32.0,un,Tampão sem Aplicador Normal Pingo Doce 32 un
21,,,32.0,un,Tampão sem Aplicador Super Pingo Doce 32 un
22,,,16.0,un,Tampão com Aplicador Normal Pingo Doce 16 un
23,,,16.0,un,Tampão com Aplicador Super Pingo Doce 16 un
24,750.0,ml,1.0,un,Gel de Banho Esfoliante SPA Pingo Doce 750 ml
25,750.0,ml,1.0,un,Gel de Banho Óleo de Argão Pingo Doce 750 ml
26,750.0,ml,1.0,un,Gel de Banho Glamour Fresh Pingo Doce 750 ml
27,750.0,ml,1.0,un,Gel de Banho Óleo de Jasmim e Macadâmia Pingo Doce 750 ml
28,,,1.0,un,Escova de Dentes de Bambu Pingo Doce 1 un
29,1000.0,ml,1.0,un,Sabonete Líquido Recarga Hidratante Pingo Doce 1 L
30,1000.0,ml,1.0,un,Sabonete Líquido Recarga Maçãs Verdes Pingo Doce 1 L
31,,,18.0,un,Lenços de Bolso Ultra Suaves Pingo Doce 18 un
32,,,24.0,un,Penso Higiénico Super com Abas Pingo Doce 24 un
33,,,28.0,un,Penso Higiénico Normal sem Abas Pingo Doce 28 un
34,,,2.0,un,Escova de Dentes Interdental Média Pingo Doce 2 un
35,,,2.0,un,Escova de Dentes Interdental Soft Pingo Doce 2 un
36,,,20.0,un,Penso Incontinência Discreta Mini Pingo Doce 20 un
37,,,5.0,un,Pensos Rápidos para Bolhas Pingo Doce 5 un
38,,,12.0,un,Papel Higiénico 2 Folhas Reciclado Pingo Doce 12 Rolos
39,,,24.0,un,Penso Incontinência Protege Slip Mini Pingo Doce 24 un
40,,,12.0,un,Papel Higiénico 2 Folhas Compacto 6=12 Pingo Doce 6 Rolos
41,125.0,ml,1.0,un,Solução Anti-Séptica Dérmica Pingo Doce 125 ml
42,,,12.0,un,Papel Higiénico 2 Folhas Pingo Doce 12 Rolos
43,,,60.0,un,Toalhitas Incontinência Pingo Doce 60 un
44,,,32.0,un,Pastilhas para Limpeza de Próteses Dentárias Pingo Doce 32 un
45,40.0,g,1.0,un,Creme Fixador de Próteses Dentárias Pingo Doce 40 g
46,,,20.0,un,Penso Incontinência Discreta Extra Pingo Doce 20 un
47,,,24.0,un,Penso Incontinência Discreta Normal Pingo Doce 24 un
48,,,20.0,un,Penso Incontinência Clássico Extra Pingo Doce 20 un
49,,,12.0,un,Papel Higiénico 3 Folhas Pingo Doce 12 Rolos
0,,,9.0,rolos,Papel Higiénico 4 Folhas Pingo Doce 9 Rolos
1,,,20.0,un,Penso Incontinência Homem Pingo Doce 20 un
2,,,9.0,rolos,Papel Higiénico 3 Folhas Acolchoado Pingo Doce 9 Rolos
3,,,26.0,un,Penso Incontinência Discreta Super Pingo Doce 26 un
4,,,26.0,un,Penso Incontinência Clássico Super Pingo Doce 26 un
5,,,32.0,rolos,Papel Higiénico 2 Folhas Pingo Doce 32 Rolos
6,,,20.0,un,Fraldas Incontinência Médio Pingo Doce 20 un
7,,,20.0,un,Fraldas Incontinência Super Pingo Doce 20 un
8,,,20.0,un,Resguardo Absorvente 60x90cm Pingo Doce 20 un
9,,,24.0,rolos,Papel Higiénico 3 Folhas Pingo Doce 24 Rolos
10,,,10.0,un,Cueca Incontinência Discreta Tamanho Médio Pingo Doce 10 un
11,,,10.0,un,Cueca Incontinência Homem Tamanho Médio Pingo Doce 10 un
12,,,10.0,un,Cueca Incontinência Discreta Tamanho Grande Pingo Doce 10 un
13,,,10.0,un,Cueca Incontinência Homem Tamanho Grande Pingo Doce 10 un
14,,,14.0,un,Cueca Incontinência Tamanho Médio Pingo Doce 14 un
15,,,14.0,un,Cueca Incontinência Tamanho Pequeno Pingo Doce 14 un
16,,,14.0,un,Cueca Incontinência Tamanho Grande Pingo Doce 14 un
17,125.0,g,1.0,un,Iogurte Aroma Coco Pingo Doce 125 g
18,125.0,g,1.0,un,Iogurte Aroma Morango Pingo Doce 125 g
19,125.0,g,1.0,un,Iogurte Aroma Banana Pingo Doce 125 g
20,125.0,g,1.0,un,Iogurte Magro Morango Pingo Doce 125 g
21,125.0,g,1.0,un,Iogurte Magro Natural Pingo Doce 125 g
22,125.0,g,1.0,un,Iogurte Aroma Tropical Pingo Doce 125 g
23,125.0,g,1.0,un,Iogurte Magro Aroma Coco Pingo Doce 125 g
24,125.0,g,1.0,un,Iogurte Pedaços de Morango Pingo Doce 125 g
25,125.0,g,1.0,un,Iogurte Pedaços de Frutos Silvestres Pingo Doce 125 g
26,125.0,g,1.0,un,Iogurte Pedaços de Pêssego Pingo Doce 125 g
27,125.0,g,1.0,un,Iogurte Pedaços de Ananás Pingo Doce 125 g
28,125.0,g,1.0,un,Iogurte Pedaços de Cereais Pingo Doce 125 g
29,120.0,g,1.0,un,Iogurte de Morango sem Lactose Pingo Doce 120 g
30,120.0,g,1.0,un,Iogurte Natural sem Lactose Pingo Doce 120 g
31,200.0,ml,1.0,un,Leite UHT Meio Gordo Pingo Doce 200 ml
32,200.0,ml,1.0,un,Leite UHT Achocolatado Pingo Doce 200 ml
33,200.0,ml,1.0,un,Leite UHT Magro Pingo Doce 200 ml
34,125.0,g,1.0,un,Iogurte Magro Natural sem Lactose Pingo Doce 125 g
35,125.0,g,1.0,un,Bifidus Natural Pingo Doce 125 g
36,200.0,ml,1.0,un,Bebida Vegetal de Soja Original Pingo Doce 200 ml
37,125.0,g,1.0,un,Iogurte Magro Pedaços de Morango Pingo Doce 125 g
38,125.0,g,1.0,un,Iogurte Magro Pedaços de Cereais Pingo Doce 125 g
39,125.0,g,1.0,un,Iogurte Magro Pedaços de Ananás Pingo Doce 125 g
40,125.0,g,1.0,un,Iogurte Magro Pedaços de Mirtilo Pingo Doce 125 g
41,125.0,g,1.0,un,Iogurte Cremoso Baunilha Pingo Doce 125 g
42,125.0,g,1.0,un,Iogurte Cremoso Natural Açucarado Pingo Doce 125 g
43,125.0,g,1.0,un,Iogurte Cremoso Strawberry Nuts Pingo Doce 125 g
44,125.0,g,1.0,un,Iogurte Cremoso Biscuit Pingo Doce 125 g
45,200.0,ml,1.0,un,Leite UHT Meio Gordo sem Lactose Pingo Doce 200 ml
46,125.0,g,1.0,un,Iogurte Magro Fruta Batida Limão e Gengibre Pingo Doce 125 g
47,125.0,g,1.0,un,Iogurte Magro Fruta Batida Morango e Menta Pingo Doce 125 g
48,200.0,ml,1.0,un,Leite UHT Magro sem Lactose Pingo Doce 200 ml
49,125.0,g,1.0,un,"Iogurte Petit Morango, Banana e Bolacha Pingo Doce 125 g"
0,200.0,ml,1.0,un,Leite UHT Achocolatado sem Lactose Pingo Doce 200 ml
1,125.0,g,1.0,un,"Bifidus 00% com Espelta, Sementes e Nozes Pingo Doce 125 g"
2,125.0,g,1.0,un,Bifidus 00% Quinoa e Sementes Girassol Pingo Doce 125 g
3,120.0,g,1.0,un,Iogurte Magro Morango sem Lactose Pingo Doce 120 g
4,120.0,g,1.0,un,Iogurte Pedaços de Cereais sem Lactose Pingo Doce 120 g
5,120.0,g,1.0,un,Iogurte Pedaços de Mirtilo sem Lactose Pingo Doce 120 g
6,120.0,g,1.0,un,Iogurte Pedaços de Pêssego sem Lactose Pingo Doce 120 g
7,120.0,g,1.0,un,"Iogurte Magro sem Lactose, Coco 120g"
8,140.0,g,1.0,un,Iogurte Bicompartimentado Chocopintas Pingo Doce 140 g
9,80.0,g,1.0,un,Queijo Fresco de Vaca Meio Gordo Pingo Doce 80 g
10,128.0,g,1.0,un,Iogurte Bicompartimentado Chocolocos Pingo Doce 128 g
11,200.0,ml,1.0,un,Leite UHT Achocolatado Pingo Doce 200 ml
12,80.0,g,1.0,un,Queijo Fresco de Vaca Light Pingo Doce 80 g
13,150.0,g,1.0,un,Iogurte Skyr Kiwi e Spirulina Pingo Doce 150 g
14,200.0,ml,1.0,un,Molho Béchamel Pingo Doce 200 ml
15,200.0,ml,1.0,un,Natas UHT Light Pingo Doce 200 ml
16,200.0,ml,1.0,un,Natas UHT para Bater Pingo Doce 200 ml
17,250.0,g,1.0,un,Creme Vegetal para Culinária Pingo Doce 250 g
18,1000.0,ml,1.0,un,Bebida Vegetal de Soja 0% Açúcar Pingo Doce 1 L
19,1000.0,ml,1.0,un,Bebida Vegetal de Soja Pingo Doce 1 L
20,250.0,g,2.0,un,Iogurte Natural Inteiro Probiótico Pingo Doce 2×125 g
21,1000.0,ml,1.0,un,Leite UHT Magro Pingo Doce 1 L
22,1000.0,ml,1.0,un,Leite UHT Meio Gordo Pingo Doce 1 L
23,1000.0,ml,1.0,un,Bebida Vegetal de Soja Light Pingo Doce 1 L
24,60.0,g,6.0,un,"Iogurte Petit Suisse Morango, Framboesa e Alperce Pingo Doce 6×60 g"
25,60.0,g,6.0,un,Iogurte Petit Suisse Morango Pingo Doce 6×60 g
26,230.0,g,1.0,un,Banha de Porco Pingo Doce 230 g
27,70.0,g,1.0,un,Queijo Fresco de Ovelha Pingo Doce 70 g
28,200.0,ml,1.0,un,Natas sem Lactose Pingo Doce 200 ml
29,1000.0,ml,1.0,un,Bebida Vegetal de Soja e Baunilha Pingo Doce 1 L
30,170.0,g,1.0,un,Requeijão de Vaca Pingo Doce 170 g
31,250.0,g,2.0,un,Iogurte Batido Natural Açucarado Vidro Pingo Doce 2×125 g
32,1000.0,ml,1.0,un,Leite Fresco Meio Gordo Pingo Doce 1 L
33,1000.0,ml,1.0,un,Leite UHT Gordo Pingo Doce 1 L
34,140.0,g,1.0,un,Queijo Fundido 8 Porções Pingo Doce 140 g
35,200.0,ml,1.0,un,Creme de Soja Culinária Pingo Doce 200 ml
36,1000.0,ml,1.0,un,Leite Fresco Magro Pingo Doce 1 L
37,200.0,g,1.0,un,Queijo Cottage Pingo Doce 200 g
38,1000.0,ml,1.0,un,Bebida Vegetal de Aveia Pingo Doce 1 L
39,1000.0,ml,1.0,un,Leite UHT Meio Gordo Seleção Pingo Doce 1 L
40,1000.0,ml,1.0,un,Leite UHT Magro Seleção Pingo Doce 1 L
41,1000.0,ml,1.0,un,Leite UHT Magro sem Lactose Pingo Doce 1 L
42,1000.0,ml,1.0,un,Leite UHT Meio Gordo sem Lactose Pingo Doce 1 L
43,250.0,g,2.0,un,Iogurte Batido Pedaços de Amora Vidro Pingo Doce 2×125 g
44,2.0,x 125,1.0,un,Iogurte Batido Pedaços de Manga Vidro Pingo Doce 2×125 g
45,1000.0,ml,1.0,un,Leite Fresco Meio Gordo sem Lactose Pingo Doce 1 L
46,1000.0,ml,1.0,un,Bebida Vegetal de Amêndoa Pingo Doce 1 L
47,400.0,g,1.0,un,Preparado Vegetal à Base de Soja Natural Pingo Doce 400 g
48,200.0,g,1.0,un,Queijo Fresco de Vaca Light Pingo Doce 200 g
49,1000.0,ml,1.0,un,Bebida Vegetal de Arroz Pingo Doce 1 L
0,200.0,g,1.0,un,Queijo Fresco Pingo Doce 200 g
1,200.0,g,1.0,un,Queijo Creme Original para Barrar Pingo Doce 200 g
2,100.0,g,6.0,un,Iogurte Líquido Petit Morango e Banana Pingo Doce 6×100 g
3,120.0,g,4.0,un,Preparado Vegetal à Base de Soja Natural Pingo Doce 4×120 g
4,200.0,g,1.0,un,Queijo Creme Light para Barrar Pingo Doce 200 g
5,20.0,g,4.0,un,Palitos de Queijo Mozzarella Pingo Doce 4×20 g
6,200.0,g,1.0,un,Queijo Creme com Ervas para Barrar Pingo Doce 200 g
7,1.0,L,1.0,un,Bebida Vegetal de Aveia Barista Pingo Doce 1 L
8,1.0,L,1.0,un,Bebida Vegetal de Aveia Sabor a Leite Pingo Doce 1L
9,,,12.0,un,Ovos de Codorniz Pingo Doce 12 un
10,,,200.0,ml,Natas Frescas Pingo Doce 200 ml
11,170.0,g,4.0,un,Iogurte Líquido Magro Morango e Cereais Pingo Doce 4×170 g
12,500.0,g,1.0,un,Creme Vegetal para Barrar Pingo Doce 500 g
13,170.0,g,4.0,un,Iogurte Líquido Magro Tropical Pingo Doce 4×170 g
14,170.0,g,4.0,un,Iogurte Líquido Magro Morango Pingo Doce 4×170 g
15,1.0,L,1.0,un,Bebida Vegetal de Aveia e Amêndoa Pingo Doce 1 L
16,1.0,L,1.0,un,Bebida Vegetal de Amêndoa sem Açúcar Pingo Doce 1 L
17,170.0,g,4.0,un,Iogurte Líquido Magro Frutos Vermelhos Pingo Doce 4×170 g
18,170.0,g,4.0,un,Iogurte Líquido Magro Morango e Banana Pingo Doce 4×170 g
19,170.0,g,4.0,un,Iogurte Líquido Magro Ananás e Lima Pingo Doce 4×170 g
20,170.0,g,4.0,un,Iogurte Líquido Morango Pingo Doce 4×170 g
21,170.0,g,4.0,un,Iogurte Líquido Morango e Banana Pingo Doce 4×170 g
22,170.0,g,4.0,un,Iogurte Líquido Baunilha Pingo Doce 4×170 g
23,170.0,g,4.0,un,Iogurte Líquido Frutos Vermelhos Pingo Doce 4×170 g
24,170.0,g,4.0,un,Iogurte Líquido Pêssego e Cenoura Pingo Doce 4×170 g
25,170.0,g,4.0,un,Iogurte Líquido Stracciatella Pingo Doce 4×170 g
26,170.0,g,4.0,un,Iogurte Líquido Stracciatella e Coco Pingo Doce 4×170 g
27,200.0,ml,3.0,un,Bebida Vegetal de Aveia com Cacau Pingo Doce 3x200ml
28,170.0,g,4.0,un,Iogurte Líquido Café Pingo Doce 4x170g
29,170.0,g,4.0,un,Iogurte Líquido Cookie Pingo Doce 4x170g
30,150.0,g,2.0,un,Iogurte Magro com Pêssego e Frutos Secos Pingo Doce 2×150 g
31,150.0,g,2.0,un,Iogurte Magro com Ananás e Frutos Secos Pingo Doce 2×150 g
32,120.0,g,2.0,un,Preparado Vegetal à base de Coco com Ananás Pingo Doce 2x120g
33,750.0,g,1.0,un,Iogurte Líquido Natural Açucarado Pingo Doce 750 g
34,750.0,g,1.0,un,Iogurte Líquido Morango Pingo Doce 750 g
35,62.5,g,2.0,un,"Queijo Fresco de Vaca sem Lactose Pingo Doce 2×62,5 g"
36,,,6.0,un,Ovos de Galinhas Criadas no Solo Classe M Pingo Doce 6 un
37,750.0,g,1.0,un,Iogurte Líquido Morango e Banana Pingo Doce 750 g
38,125.0,g,8.0,un,Iogurte Natural Pingo Doce 8×125 g
39,200.0,g,1.0,un,Queijo Flamengo Ralado Pingo Doce 200 g
40,170.0,g,4.0,un,Bifidus Cereais Pingo Doce 4×170 g
41,170.0,g,4.0,un,Bifidus Kiwi Pingo Doce 4×170 g
42,170.0,g,4.0,un,Bifidus Morango Pingo Doce 4×170 g
43,120.0,g,4.0,un,Preparado Vegetal à Base de Soja com Mirtilo Pingo Doce 4×120 g
44,150.0,g,1.0,un,Queijo Flamengo Fatiado sem Lactose Pingo Doce 150 g
45,170.0,g,4.0,un,Iogurte Líquido Morango sem Lactose Pingo Doce 4×170 g
46,170.0,g,4.0,un,Iogurte Líquido Coco sem Lactose Pingo Doce 4×170 g
47,150.0,g,1.0,un,Queijo Cheddar Fatiado Pingo Doce 150 g
48,,,6.0,un,Ovos de Galinhas Criadas no Solo Classe L Pingo Doce 6 un
49,200.0,g,1.0,un,Queijo Edam Fatiado Pingo Doce 200 g
0,130.0,g,1.0,un,Queijo Fresco de Cabra Meio Gordo Pingo Doce 130 g
1,,,6.0,un,Ovos de Galinhas Criadas ao Ar Livre Classe M/L Pingo Doce 6 un
2,500.0,ml,1.0,un,Molho Béchamel Pingo Doce 500 ml
3,200.0,g,1.0,un,Queijo Mozzarella Ralado Pingo Doce 200 g
4,200.0,g,1.0,un,Queijo Brie Pingo Doce 200 g
5,1.0,L,1.0,un,Bebida Vegetal de Arroz e Coco Pingo Doce 1 L
6,125.0,g,8.0,un,Iogurte Aromas Pingo Doce 8×125 g
7,200.0,g,1.0,un,Queijo Gouda Fatiado Pingo Doce 200 g
8,125.0,g,4.0,un,Iogurte Grego Natural Açucarado Pingo Doce 4×125 g
9,125.0,g,4.0,un,Iogurte Grego Morango Pingo Doce 4×125 g
10,125.0,g,4.0,un,Iogurte Grego Maracujá Pingo Doce 4×125 g
11,125.0,g,1.0,un,Queijo Fresco Mozzarella de Búfala Pingo Doce 125 g
12,300.0,g,1.0,un,Queijo Fundido Fatiado Pingo Doce 300 g
13,125.0,g,4.0,un,Iogurte Grego Stracciatella Pingo Doce 4×125 g
14,125.0,g,4.0,un,Iogurte Grego Caramelo Salgado Pingo Doce 4×125 g
15,125.0,g,4.0,un,Iogurte Grego Banana e Stracciatella Pingo Doce 4×125 g
16,125.0,g,4.0,un,Iogurte Grego 0% Natural Pingo Doce 4×125 g
17,125.0,g,4.0,un,Iogurte Grego Chocolate e Coco Pingo Doce 4×125 g
18,500.0,g,1.0,un,Creme Vegetal Sabor a Manteiga Pingo Doce 500 g
19,200.0,g,1.0,un,Queijo Creme sem Lactose para Barrar Pingo Doce 200 g
20,250.0,g,1.0,un,Queijo Grego para Saladas Pingo Doce 250g
21,200.0,g,1.0,un,Queijo Emmental Ralado Pingo Doce 200 g
22,500.0,g,1.0,un,Iogurte Grego Natural Pingo Doce 500 g
23,100.0,g,1.0,un,Queijo Roquefort DOP Pingo Doce 100 g
24,125.0,g,1.0,un,Queijo Fresco Mozzarella Mini Pingo Doce 125 g
25,200.0,g,1.0,un,Queijo Flamengo Fatiado Pingo Doce 200 g
26,200.0,g,1.0,un,Queijo 4 Queijos Ralado Pingo Doce 200 g
27,170.0,g,4.0,un,Iogurte Líquido Magro Maracujá e Curcuma Pingo Doce 4×170 g
28,170.0,g,4.0,un,Iogurte Líquido Magro Framboesa e Piripíri Pingo Doce 4×170 g
29,200.0,g,1.0,un,Queijo Mozzarella Fatiado Pingo Doce 200 g
30,170.0,g,4.0,un,Iogurte Líquido Natural Inteiro Probiótico Pingo Doce 4×170 g
31,250.0,g,1.0,un,Manteiga Magra Pingo Doce 250 g
32,250.0,g,1.0,un,Queijo Camembert Pingo Doce 250 g
33,200.0,g,1.0,un,Requeijão de Ovelha e Cabra Pingo Doce 200 g
34,200.0,g,1.0,un,Queijo Flamengo Fatia Redonda Pingo Doce 200 g
35,200.0,g,1.0,un,Queijo Flamengo Light Fatiado Pingo Doce 200g
36,250.0,g,1.0,un,Manteiga dos Açores com Sal Pingo Doce 250 g
37,250.0,g,1.0,un,Manteiga dos Açores com Sal Pingo Doce 250 g
38,250.0,g,1.0,un,Queijo Mascarpone Pingo Doce 250 g
39,170.0,g,4.0,un,Iogurte Líquido Magro Morango e Cereais sem Lactose Pingo Doce 4×170 g
40,250.0,g,1.0,un,Manteiga com Sal Pingo Doce 250 g
41,250.0,g,1.0,un,Manteiga sem Sal Pingo Doce 250 g
42,170.0,g,4.0,un,Iogurte Líquido Magro Tropical sem Lactose Pingo Doce 4×170 g
43,,,2.0,un,"Queijo Fresco de Cabra Pingo Doce 2×62,5 g"
44,260.0,g,1.0,un,Requeijão de Ovelha de Seia Pingo Doce 260 g
45,,,6.0,un,Ovos de Galinhas Criadas no Solo Classe XL Pingo Doce 6 un
46,250.0,g,1.0,un,Manteiga sem Lactose Pingo Doce 250 g
47,200.0,g,1.0,un,Queijo da Ilha Ralado Pingo Doce 200 g
48,150.0,g,1.0,un,Queijo de Cabra Fatiado Pingo Doce 150 g
49,180.0,g,1.0,un,Queijo Chèvre Pingo Doce 180 g
0,200.0,g,1.0,un,Queijo da Ilha Fatiado Pingo Doce 200g
1,1.0,kg,1.0,un,Iogurte Cremoso de Pêssego e Maracujá Pingo Doce 1kg
2,1.0,kg,1.0,un,Iogurte Cremoso de Morango Pingo Doce 1kg
3,250.0,g,1.0,un,Queijo Fundido Light 16 Porções Pingo Doce 250 g
4,1.0,kg,1.0,un,Iogurte Grego Natural Pingo Doce 1kg
5,1.0,kg,1.0,un,Iogurte Grego Ligeiro Pingo Doce 1 kg
6,,,12.0,un,Ovos de Galinhas Criadas no Solo Classe M Pingo Doce 12 un
7,,,1.0,un,Queijo de Mistura Regional Pingo Doce 1 un
8,,,4.0,un,"Queijo Fresco de Vaca Light Pingo Doce 4×62,5 g"
9,,,4.0,un,"Queijo Fresco de Vaca Meio Gordo Pingo Doce 4×62,5 g"
10,1.0,kg,1.0,un,Creme Vegetal para Culinária Pingo Doce 1kg
11,,,12.0,un,Ovos de Galinhas Criadas no Solo Classe L Pingo Doce 12 un
12,125.0,g,1.0,un,Queijo para Barrar com Trufas Pingo Doce 125 g
13,180.0,g,1.0,un,Queijo Grana Padano DOP 16M Pingo Doce 180 g
14,400.0,g,1.0,un,Queijo Flamengo Fatiado Pingo Doce 400 g
15,,,1.0,un,Queijo de Ovelha Alto Alentejo Pingo Doce 1 un
16,,,1.0,un,Queijo Curado de Cabra Beira Alta Pingo Doce 1 un
17,100.0,g,2.0,un,Queijo de Cabra Curado Pingo Doce 2×100 g
18,400.0,g,1.0,un,Queijo Curado Ilha Pingo Doce 400 g
19,,,1.0,un,Queijo Picante da Beira Baixa DOP Pingo Doce 1 un
20,,,1.0,un,Queijo de Prato Amanteigado Pingo Doce 1 un
21,,,1.0,un,Queijo de Prato Meio Gordo Pingo Doce 1 un
22,250.0,g,1.0,un,Queijo Manchego DOP 6M de Cura Pingo Doce 250 g
23,,,1.0,un,Queijo de Vaca Curado Barrado com Pimentão Pingo Doce 1 un
24,,,1.0,un,Queijo de Ovelha Amanteigado Serra da Arrábida Pingo Doce 1 un
25,,,1.0,un,Queijo de Mistura Curado Pingo Doce 1 un
26,,,1.0,kg,Queijo de Ovelha Amanteigado de Seia Pingo Doce kg
27,,,1.0,kg,Queijo de Ovelha Amanteigado de Seia Grande Pingo Doce kg
28,,,1.0,kg,Queijo de Ovelha Curado Barrado Seco Pingo Doce kg
29,,,10.0,un,Cápsulas de Galão Pingo Doce 10 un
30,,,16.0,un,Cápsulas de Café Aromático Pingo Doce 16 un
31,,,16.0,un,Cápsulas de Café Descafeinado Pingo Doce 16 un
32,,,16.0,un,Cápsulas de Café Ristretto Pingo Doce 16 un
33,,,16.0,un,Cápsulas de Café Corposo Pingo Doce 16 un
34,,,16.0,un,Cápsulas de Café Chiado Pingo Doce 16 un
35,,,16.0,un,Cápsulas de Café Invicta Pingo Doce 16 un
36,,,16.0,un,Cápsulas de Café Kaapi Royale Pingo Doce 16 un
37,,,16.0,un,Cápsulas de Café Biológico Pingo Doce 16nun
38,,,16.0,un,Cápsulas de Café Guatemala Pingo Doce 16nun
39,,,16.0,un,Cápsulas de Café Intenso Pingo Doce 16 un
0,,,16.0,un,Cápsulas de Café Expresso Aveludado Pingo Doce 16 un
1,,,16.0,un,Cápsulas de Café com Caramelo Pingo Doce 16 un
2,,,16.0,un,Cápsulas de Café Canela Pingo Doce 16 un
3,,,30.0,un,Cápsulas de Café Aromático Pingo Doce 30 un
4,,,30.0,un,Cápsulas de Café Corposo Pingo Doce 30 un
5,,,48.0,un,Cápsulas de Café Ristretto Pingo Doce 48 un
6,,,48.0,un,Cápsulas de Café Kaapi Royale Pingo Doce 48 un
7,,,1.0,un,Máquina de Café Expresso Branca Pingo Doce 1 un
8,,,1.0,un,Máquina de Café Expresso Preta Pingo Doce 1 un
9,,,1.0,un,Máquina de Café Expresso Pingo Doce CoffeeSmart Bliss
10,,,1.0,un,Máquina de Café Expresso Pingo Doce 1 un
11,,,1.0,un,Saco de Plástico Reciclado Pingo Doce un
12,250.0,g,1.0,un,Sal Fino Pingo Doce 250 g
13,1.0,kg,1.0,un,Sal Grosso Pingo Doce 1kg
14,195.0,ml,1.0,un,Molho Piri-Piri Pingo Doce 195 ml
15,8.0,g,1.0,un,Salsa em Folha em Frasco Pingo Doce 8 g
16,1.0,kg,1.0,un,Sal Iodado Pingo Doce 1kg
17,250.0,g,1.0,un,Milho para Pipocas Pingo Doce 250 g
18,90.0,g,1.0,un,Pudim de Caramelo Instantâneo Pingo Doce 90 g
19,90.0,g,1.0,un,Pipocas Doces para Micro-Ondas Pingo Doce 90 g
20,90.0,g,1.0,un,Pipocas Salgadas para Micro-Ondas Pingo Doce 90 g
21,240.0,g,1.0,un,Pão Ralado Pingo Doce 240 g
22,500.0,ml,1.0,un,Vinagre de Fruta Pingo Doce 500 ml
23,500.0,ml,1.0,un,Vinagre de Vinho Tinto Pingo Doce 500 ml
24,7.0,g,1.0,un,Louro em Folhas Pingo Doce 7 g
25,26.1,g,1.0,un,"Pastilhas Elásticas sem Açúcar Morango Pingo Doce 26,1 g"
26,26.1,g,1.0,un,"Pastilhas Elásticas sem Açúcar Spearmint Pingo Doce 26,1 g"
27,125.0,g,1.0,un,Bolachas de Água e Sal Pingo Doce 125 g
28,23.0,G,4.0,un,Leite Creme Pingo Doce 4x23G
29,60.0,g,1.0,un,Croissant Recheado com Chocolate Pingo Doce 60 g
30,210.0,g,1.0,un,Polpa de Tomate Pingo Doce 210 g
31,250.0,g,1.0,un,Massa Bagos Pingo Doce 250 g
32,250.0,g,1.0,un,Massa Couscous Pingo Doce 250 g
33,250.0,g,1.0,un,Massa Letras Pingo Doce 250 g
34,200.0,g,1.0,un,Bolachas Maria Pingo Doce 200 g
35,200.0,ml,1.0,un,Tempero de Sumo de Limão Pingo Doce 200 ml
36,41.0,g,1.0,un,Piripíri Moído em Frasco Pingo Doce 41 g
37,39.0,g,1.0,un,Canela Moída em Frasco Pingo Doce 39 g
38,40.0,g,1.0,un,Açafrão das Índias em Frasco Pingo Doce 40 g
39,22.0,g,1.0,un,Pastilhas Elásticas Recheadas Spearmint Pingo Doce 22 g
40,22.0,g,1.0,un,Pastilhas Elásticas Recheadas Melão e Amora Pingo Doce 22 g
41,85.0,g,1.0,un,Noodles de Frango Pingo Doce 85 g
42,85.0,g,1.0,un,Noodles de Camarão Pingo Doce 85 g
43,45.0,g,1.0,un,Pimentão Doce em Frasco Pingo Doce 45 g
44,1.0,L,1.0,un,Vinagre de Vinho Branco Pingo Doce 1 L
45,200.0,g,1.0,un,Bolachas Cream Cracker Pingo Doce 200 g
46,65.0,g,1.0,un,Paté de Sardinha Pingo Doce 65 g
47,65.0,g,1.0,un,Paté de Atum Pingo Doce 65 g
48,,,100.0,un,Sacos para Sandes Pingo Doce 100 un
49,150.0,g,1.0,un,Milho Doce em Conserva Pingo Doce 150 g
0,,,25.0,saq,Infusão de Camomila Pingo Doce 25 saq
1,7.0,g,1.0,un,Coentros em Folha em Frasco Pingo Doce 7 g
2,46.0,g,1.0,un,Caril em Frasco Pingo Doce 46 g
3,125.0,g,1.0,un,Bolachas de Água Sal sem Lactose Pingo Doce 125 g
4,500.0,g,1.0,un,Farinha de Milho Pingo Doce 500 g
5,390.0,g,1.0,un,Tomate Triturado Pingo Doce 390 g
6,90.0,g,1.0,un,Bolsa de Fruta Maçã e Banana Pingo Doce 90 g
7,90.0,g,1.0,un,Bolsa de Fruta Banana e Morango Pingo Doce 90 g
8,90.0,g,1.0,un,Bolsa de Fruta Manga e Pêssego Pingo Doce 90 g
9,90.0,g,1.0,un,Bolsa de Fruta Morango e Pêssego Pingo Doce 90 g
10,90.0,g,1.0,un,Bolsa de Fruta e Cereais sem Glúten Pingo Doce 90 g
11,90.0,g,1.0,un,"Bolsa de Fruta Maçã, Banana e Laranja com Bolacha Pingo Doce 90 g"
12,90.0,g,1.0,un,Bolsa de Multifrutos com Aveia Pingo Doce 90 g
13,90.0,g,1.0,un,"Bolsa de Fruta Maçã, Manga e Cenoura Pingo Doce 90 g"
14,90.0,g,1.0,un,"Bolsa de Fruta Maçã, Batata Doce e Cenoura Pingo Doce 90 g"
15,90.0,g,1.0,un,Bolsa de Fruta Maçã Pingo Doce 90 g
16,90.0,g,1.0,un,Bolsa de Fruta Pera Pingo Doce 90 g
17,90.0,g,1.0,un,Bolsa de Fruta Pera e Maçã Pingo Doce 90 g
18,90.0,g,1.0,un,"Bolsa de Fruta Maçã, Banana e Laranja Pingo Doce 90 g"
19,185.0,g,1.0,un,Cogumelos Laminados Pingo Doce 185 g
20,1000.0,g,1.0,un,Farinha de Trigo Super Fina com Fermento Pingo Doce 1kg
21,390.0,g,1.0,un,Tomate Pelado Pingo Doce 390 g
22,500.0,g,1.0,un,Massa Esparguete Pingo Doce 500 g + 25% Grátis
23,500.0,g,1.0,un,Massa Esparguete Pingo Doce 500 g
24,25.0,g,1.0,un,Chips de Arroz Integral com Chia e Quinoa Pingo Doce 25 g
25,1000.0,mL,1.0,un,Vinagre de Sidra Pingo Doce 1 L
26,420.0,g,1.0,un,Ervilhas Cozidas Pingo Doce 420 g
27,500.0,g,1.0,un,Massa Espirais Pingo Doce 500 g
28,500.0,g,1.0,un,Massa Curvas Riscadas Pingo Doce 500 g
29,130.0,g,1.0,un,Tortitas de Arroz com Sal Pingo Doce 130 g
30,130.0,g,1.0,un,Tortitas de Milho sem Glúten Pingo Doce 130 g
31,130.0,g,1.0,un,Tortitas de Arroz sem Sal Pingo Doce 130 g
32,390.0,g,1.0,un,Tomate em Pedaços Pingo Doce 390 g
33,500.0,g,1.0,un,Massa Cotovelinhos Pingo Doce 500 g
34,200.0,g,1.0,un,Línguas de Gato Pingo Doce 200 g
35,25.0,cl,1.0,un,Infusão de Tília Pingo Doce 25 saq
36,28.0,g,1.0,un,Pastilhas Elásticas de Melancia Pingo Doce 28 g
37,28.0,g,1.0,un,Pastilhas Elásticas Spearmint Pingo Doce 28 g
38,44.0,g,1.0,un,Pimenta Preta Moída em Frasco Pingo Doce 44 g
39,200.0,g,1.0,un,Rebentos de Feijão Mungo Pingo Doce 200 g
40,96.0,g,1.0,un,Bolachas Tarteletes de Morango Pingo Doce 96 g
41,90.0,g,1.0,un,Bolsa de Iogurte e Banana Pingo Doce 90 g
42,90.0,g,1.0,un,"Bolsa de Iogurte, Morango e Banana Pingo Doce 90 g"
43,91.0,g,1.0,un,Bolachas Tarteletes de Chocolate Pingo Doce 91 g
44,50.0,g,1.0,un,Miolo de Amendoim com Sal Pingo Doce 50 g
45,90.0,g,1.0,un,Bolsa de Iogurte e Manga Pingo Doce 90 g
46,100.0,g,1.0,un,Cones de Milho Sabor Queijo e Bacon Pingo Doce 100 g
47,1000.0,g,1.0,un,Farinha de Trigo Integral Pingo Doce 1 kg
48,420.0,g,1.0,un,Feijão Preto em Lata Pingo Doce 420 g
0,420.0,g,1.0,un,Feijão Manteiga em Lata Pingo Doce 420 g
1,420.0,g,1.0,un,Feijão Frade em Lata Pingo Doce 420 g
2,420.0,g,1.0,un,Grão de Bico em Lata Pingo Doce 420 g
3,420.0,g,1.0,un,Feijão Branco em Lata Pingo Doce 420 g
4,420.0,g,1.0,un,Feijão Encarnado em Lata Pingo Doce 420 g
5,200.0,ml,1.0,un,Massa de Pimentão Pingo Doce 200 ml
6,,,0.5,duzia,Massa de Alho Pingo Doce 200 ml
7,,,0.5,duzia,Tempero para Frango Pingo Doce 200 ml
8,,,0.5,duzia,Vinha de Alho Pingo Doce 200 ml
9,540.0,g,1.0,un,Grão de Bico em Frasco Pingo Doce 540 g
10,5.6,g,4.0,un,"Pudim Flan Instantâneo Pingo Doce 4×5,6 g"
11,150.0,g,1.0,un,Pipocas Doces Pingo Doce 150 g
12,130.0,g,1.0,un,Tiras de Milho Pingo Doce 130 g
13,150.0,g,1.0,un,Pipocas Doces Pingo Doce 150 g
14,225.0,g,1.0,un,Tostas de Trigo Pingo Doce 225 g
15,225.0,g,1.0,un,Tostas de Trigo sem Sal Pingo Doce 225 g
16,540.0,g,1.0,un,Feijão Encarnado em Frasco Pingo Doce 540 g
17,540.0,g,1.0,un,Feijão Manteiga em Frasco Pingo Doce 540 g
18,540.0,g,1.0,un,Feijão Frade em Frasco Pingo Doce 540 g
19,120.0,g,1.0,un,Mini Tostas de Trigo Pingo Doce 120 g
20,120.0,g,1.0,un,Mini Tostas de Trigo Integral Pingo Doce 120 g
21,540.0,g,1.0,un,Feijão Branco em Frasco Pingo Doce 540 g
22,120.0,g,1.0,un,Atum Posta ao Natural Pingo Doce 120 g
23,30.0,g,1.0,un,Canela em Pau Saqueta Pingo Doce 30 g
24,125.0,g,1.0,un,Chocolate em Pó Pingo Doce 125 g
25,4.5,g,1.0,un,"Cebolinho Folha em Frasco Pingo Doce 4,5 g"
26,20.0,g,1.0,un,Tomilho em Folha Frasco Pingo Doce 20 g
27,45.0,g,1.0,un,Cominhos Moídos em Frasco Pingo Doce 45 g
28,154.0,g,1.0,un,Bolachas Cookies & Cream Pingo Doce 154 g
29,500.0,g,1.0,un,Massa Macarronete Riscado Pingo Doce 500 g
30,74.0,g,1.0,un,Sopa de Rabo de Boi Pingo Doce 74 g
31,51.0,g,1.0,un,Sopa de Cebola Pingo Doce 51 g
32,120.0,g,1.0,un,Bolsa de Frutos Vermelhos Pingo Doce 120 g
33,120.0,g,1.0,un,Bolsa de Fruta e Aveia Pingo Doce 120 g
34,540.0,g,1.0,un,Lentilhas Cozidas Pingo Doce 540 g
35,120.0,g,1.0,un,Bolsa de Fruta e Chia Pingo Doce 120 g
36,120.0,g,1.0,un,"Bolsa de Fruta, Aveia e Curcuma Pingo Doce 120 g"
37,125.0,g,1.0,un,Palmiers Integrais Pingo Doce 125 g
38,170.0,g,1.0,un,Gelatina em Pó de Ananás Pingo Doce 170 g
39,170.0,g,1.0,un,Gelatina em Pó de Morango Pingo Doce 170 g
40,170.0,g,1.0,un,Gelatina em Pó de Tutti-Frutti Pingo Doce 170 g
41,170.0,g,1.0,un,Gelatina em Pó de Pêssego Pingo Doce 170 g
42,170.0,g,1.0,un,Gelatina em Pó de Melancia Pingo Doce 170 g
43,185.0,g,1.0,un,Cogumelos Inteiros Pingo Doce 185 g
44,12.0,g,1.0,un,Manjericão em Folha em Frasco Pingo Doce 12 g
45,500.0,g,1.0,un,Flocos de Aveia Integral Grossos Pingo Doce 500 g
46,500.0,g,1.0,un,Flocos de Aveia Integral Finos Pingo Doce 500 g
47,120.0,g,1.0,un,Atum Posta em Óleo Pingo Doce 120 g
48,150.0,g,1.0,un,Milho Frito com Sal Pingo Doce 150 g
49,200.0,ml,1.0,un,Mostarda Top Down Pingo Doce 200 ml
0,500.0,g,1.0,un,Grão de Bico Seco Pingo Doce 500 g
1,,,8.0,un,Salsichas Frankfurt Lata Pingo Doce 8 un
2,225.0,g,1.0,un,Tostas de Trigo Integral Pingo Doce 225 g
3,,,6.0,un,Pão Hot Dog Pingo Doce 6 un
4,,,4.0,un,Pão Hambúrguer Pingo Doce 4 un
5,600.0,g,1.0,un,Pão de Forma Branco com Côdea Pingo Doce 600 g
6,,,15.0,un,Sacos para Cubos de Gelo Auto Fecho Pingo Doce 15 un
7,150.0,g,1.0,un,Batata Frita Lisa Receita Rústica Pingo Doce 150 g
8,500.0,g,1.0,un,Massa Macarrão Grande Riscado Pingo Doce 500 g
9,150.0,g,1.0,un,Bolachas Cookies com Chocolate Pingo Doce 150 g
10,120.0,g,1.0,un,Sardinha em Tomate Pingo Doce 120 g
11,,,25.0,saq,Chá Verde Pingo Doce 25 saq
12,,,25.0,saq,Chá Preto Pingo Doce 25 saq
13,100.0,g,4.0,un,Gelatina de Morango Pingo Doce 4×100 g
14,72.0,g,1.0,un,Creme de Marisco Pingo Doce 72 g
15,400.0,g,1.0,un,Bolachas Digestivas Pingo Doce 400 g
16,500.0,g,1.0,un,Farinha para Pão de Sementes Pingo Doce 500 g
17,50.0,g,1.0,un,Pistáchios Torrados com Sal Pingo Doce 50 g
18,,,50.0,un,Mix de Caju Natural & Arandos Pingo Doce 50 g
19,50.0,g,1.0,un,Miolo de Amêndoa Torrada sem Pele Pingo Doce 50 g
0,50.0,g,1.0,un,"Mix de Caju, Avelã e Amendoim Torrados Pingo Doce 50 g"
1,150.0,g,1.0,un,Nachos com Sabor a Queijo Pingo Doce 150 g
2,100.0,g,1.0,un,Croutons com Azeite e Alho Pingo Doce 100 g
3,100.0,g,1.0,un,Palitos de Milho Sabor Ketchup e Queijo Pingo Doce 100 g
4,100.0,g,1.0,un,Croutons com Azeite e Sal Pingo Doce 100 g
5,128.0,g,1.0,un,Bolachas Argolinhas Cobertas Chocolate Negro Pingo Doce 128 g
6,150.0,g,1.0,un,Bolachas Argolinhas Cobertas Chocolate Branco Pingo Doce 150 g
7,150.0,g,1.0,un,Bolachas Argolinhas Cobertas Chocolate Leite Pingo Doce 150 g
8,,,25.0,saq,Infusão de Cidreira Pingo Doce 25 saq
9,,,15.0,un,Sacos para Congelação com Zip 3 L Pingo Doce 15 un
10,,,20.0,un,Sacos para Congelação com ZIP 1 L Pingo Doce 20 un
11,225.0,g,1.0,un,Tostas Suecas de Trigo Pingo Doce 225 g
12,300.0,g,1.0,un,Bolachas de Aveia Pingo Doce 300 g
13,1.0,kg,1.0,un,Açúcar Branco Pingo Doce 1kg
14,120.0,g,1.0,un,Sardinha em Azeite Pingo Doce 120 g
15,200.0,g,1.0,un,Batata Frita Palha Pingo Doce 200 g
16,165.0,g,1.0,un,Azeitonas Pretas Descaroçadas Pingo Doce 165 g
17,37.5,g,4.0,un,"Bolachas 5 Cereais com Maçã Pingo Doce 4×37,5 g"
18,185.0,g,1.0,un,Bolachas de Manteiga Shortcake Pingo Doce 185 g
19,100.0,g,4.0,un,Gelatina 10Kcal Morango Pingo Doce 4×100 g
20,100.0,g,4.0,un,Gelatina 10Kcal Limão Pingo Doce 4×100 g
21,100.0,g,1.0,un,Bolachas Mini Cookies & Cream Pingo Doce 100 g
22,500.0,g,1.0,un,Massa Fusilli Tricolor Pingo Doce 500 g
23,500.0,g,1.0,un,Massa Farfalle Pingo Doce 500 g
24,500.0,g,1.0,un,Massa Fusilli Pingo Doce 500 g
25,500.0,g,1.0,un,Massa Penne Pingo Doce 500 g
26,100.0,g,4.0,un,Gelatina 10Kcal Romã e Framboesa Pingo Doce 4×100 g
27,250.0,g,1.0,un,Rebuçados de Mentol Pingo Doce 250 g
28,200.0,g,1.0,un,Rebuçados para Tosse Pingo Doce 200 g
29,500.0,g,1.0,un,Polpa de Tomate Pingo Doce 500 g
30,40.0,g,1.0,un,Snack de Maçã Desidratada Pingo Doce 40 g
31,,,8.0,un,Salsichas de Aves Lata Pingo Doce 8 un
32,100.0,g,1.0,un,Biscoitos Argolas Integrais de Maçã e Canela Pingo Doce 100 g
33,200.0,g,1.0,un,Bolacha  Maria sem Lactose Ping Doce 200 g
34,200.0,g,1.0,un,Bolachas Maria sem Açúcar Pingo Doce 200 g
35,,,100.0,un,Filtros para Café nº4 Pingo Doce 100 un
36,125.0,g,1.0,un,Paté de Atum Pingo Doce 125 g
37,120.0,g,1.0,un,Atum Posta em Azeite Pingo Doce 120 g
38,500.0,g,1.0,un,Massa Esparguete Integral Pingo Doce 500 g
39,25.0,g,1.0,un,Cravinho em Grão em Frasco Pingo Doce 25 g
40,200.0,g,1.0,un,Batata Frita Lisa Original Pingo Doce 200 g
41,200.0,g,1.0,un,Batata Frita Ondulada Original Pingo Doce 200 g
42,210.0,g,1.0,un,Azeitonas Pretas Oxidadas Pingo Doce 210 g
43,2.0,g,10.0,un,Café Solúvel Saquetas Pingo Doce 10×2 g
44,170.0,g,1.0,un,Batata Frita Lisa Camponesa Pingo Doce 170 g
45,45.0,g,1.0,un,Noz Moscada Moída em Frasco Pingo Doce 45 g
46,200.0,g,1.0,un,Miolo de Amendoim Torrado sem Sal Pingo Doce 200 g
47,300.0,g,1.0,un,Milho Doce em Conserva Pingo Doce 300 g
48,500.0,g,1.0,un,Massa Aletria Pingo Doce 500 g
49,500.0,g,1.0,un,Massa Fusilli Integral Pingo Doce 500 g
0,500.0,g,1.0,un,Massa Penne Integral Pingo Doce 500 g
1,200.0,g,1.0,un,Coco Ralado Pingo Doce 200 g
2,210.0,g,1.0,un,Pickles em Frasco Pingo Doce 210 g
3,150.0,g,1.0,un,Mousse de Chocolate Instantânea Pingo Doce 150 g
4,,,50.0,un,Sacos de Congelação Pingo Doce 50 un
5,150.0,g,1.0,un,Batata Frita Lisa Light Pingo Doce 150 g
6,100.0,g,1.0,un,Mini Tostas Extrafinas de Trigo Integral Pingo Doce 100 g
7,100.0,g,1.0,un,Mini Tostas Extrafinas de Trigo Pingo Doce 100 g
8,200.0,g,2.0,un,Touchinho do Céu Pingo Doce 2×100 g
9,355.0,g,1.0,un,Cogumelos Laminados Pingo Doce 355 g
10,200.0,g,1.0,un,Palmiers Pingo Doce 200 g
11,100.0,g,6.0,un,Pudim Flan de Baunilha com Molho de Caramelo Pingo Doce 6×100 g
12,22.0,g,4.0,un,Paté de Sardinha Pingo Doce 4×22 g
13,22.0,g,4.0,un,Paté de Atum Pingo Doce 4×22 g
14,150.0,g,1.0,un,Fermento em Pó Pingo Doce 150 g
15,820.0,g,1.0,un,Feijão Frade em Lata Pingo Doce 820 g
16,820.0,g,1.0,un,Feijão Manteiga em Lata Pingo Doce 820 g
17,820.0,g,1.0,un,Grão de Bico em Lata Pingo Doce 820 g
18,820.0,g,1.0,un,Feijão Branco em Lata Pingo Doce 820 g
19,820.0,g,1.0,un,Feijão Preto em Lata Pingo Doce 820 g
20,820.0,g,1.0,un,Feijão Encarnado em Lata Pingo Doce 820 g
21,560.0,g,1.0,un,Ketchup Top Down Pingo Doce 560 g
22,200.0,g,1.0,un,Mostarda Dijon Pingo Doce 200 g
23,20.0,g,1.0,un,Mix de Especiarias para Carnes Frasco Pingo Doce 20 g
24,185.0,g,1.0,un,Bolachas de Manteiga Shortcake de Cacau Pingo Doce 185 g
25,160.0,g,1.0,un,"Pães Tostados de Azeite, Alho e Salsa Pingo Doce 160 g"
26,500.0,g,1.0,un,Lentilhas Verdes Pingo Doce 500 g
27,125.0,g,1.0,un,Cacau Magro em Pó Pingo Doce 125 g
28,125.0,g,1.0,un,Pão Crocante de Trigo Pingo Doce 125 g
29,500.0,g,1.0,un,Feijão Catarino Seco Pingo Doce 500 g
30,500.0,g,1.0,un,Feijão Manteiga Seco Pingo Doce 500 g
31,245.0,ml,1.0,un,Molho Vinagrete Pingo Doce 245 ml
32,210.0,g,1.0,un,Bolachas Mini com Recheio de Cacau Pingo Doce 210 g
33,55.0,g,1.0,un,Pasta Carbonara Copo Pingo Doce 55 g
34,200.0,g,1.0,un,Bolachas Integrais Pingo Doce 200 g
35,93.0,g,1.0,un,Noodles Beef Teriyaki Pingo Doce 93 g
36,91.0,g,1.0,un,Noodles Chicken Thai Pingo Doce 91 g
37,55.0,g,1.0,un,Pasta Bolonhesa Pot Pingo Doce 55 g
38,100.0,g,1.0,un,Biscoitos Argolas Integrais de Laranja e Gengibre Pingo Doce 100 g
39,100.0,g,1.0,un,Biscoitos Integrais com Sementes de Chia Pingo Doce 100 g
40,100.0,g,1.0,un,Tablete de Chocolate de Leite Pingo Doce 100 g
41,100.0,g,1.0,un,Tablete de Chocolate Negro Pingo Doce 100 g
42,100.0,g,1.0,un,Tablete de Chocolate de Leite e Arroz Tufado Pingo Doce 100 g
43,100.0,g,1.0,un,Tablete de Chocolate de Leite e Amêndoas Pingo Doce 100 g
44,500.0,g,1.0,un,Massa Fusilli 5 Cereais Pingo Doce 500 g
45,320.0,g,1.0,un,Tortilhas para Wrap Pingo Doce 320 g
46,200.0,g,1.0,un,Mostarda com Grãos Pingo Doce 200 g
47,250.0,g,1.0,un,Amendoim Frito com Sal Pingo Doce 250 g
48,185.0,g,1.0,un,Batata Frita Ondulada Sabor a Presunto Pingo Doce 185 g
49,200.0,g,1.0,un,Gomas Marshmallows Pingo Doce 200 g
0,170.0,g,1.0,un,Batata Frita Ondulada Sabor a  Ketchup Pingo Doce 170 g
1,150.0,g,1.0,un,Favas Fritas com Sal Pingo Doce 150 g
2,355.0,g,1.0,un,Cogumelos Inteiros Pingo Doce 355 g
3,,,10.0,un,Café Solúvel Descafeinado Saquetas Pingo Doce 10 un
4,200.0,g,1.0,un,Tâmara Seca Pingo Doce 200 g
5,250.0,ml,1.0,un,Vinagre Balsâmico Pingo Doce 250 ml
6,,,25.0,saq,Infusão de Maçã e Canela Pingo Doce 25 saq
7,,,1.0,un,Papel Vegetal 30 Folhas Pingo Doce 1 un
8,1.0,kg,1.0,un,Arroz Carolino Pingo Doce 1 kg
9,200.0,g,1.0,un,Sementes de Girassol Pingo Doce 200g
10,1.0,kg,1.0,un,Arroz Agulha Uruguai Pingo Doce 1kg + 25% Grátis
11,225.0,g,1.0,un,Tostas Suecas Integrais Pingo Doce 225 g
12,500.0,g,1.0,un,Massa Esparguete Tricolor Pingo Doce 500 g
13,500.0,g,1.0,un,Massa Fusilli sem Glúten Pingo Doce 500 g
14,450.0,g,1.0,un,Pão de Forma Branco sem Côdea Pingo Doce 450 g
15,780.0,g,1.0,un,Tomate Pelado Pingo Doce 780 g
16,125.0,g,1.0,un,Paté de Ervas Finas Pingo Doce 125 g
17,125.0,g,1.0,un,Paté Ibérico Pingo Doce 125 g
18,125.0,g,1.0,un,Paté de Frango Pingo Doce 125 g
19,200.0,g,1.0,un,Passa de Uva Pingo Doce 200 g
20,250.0,ml,1.0,un,Molho de Cocktail Pingo Doce 250 ml
21,250.0,ml,1.0,un,Molho de Alho Pingo Doce 250 ml
22,125.0,g,1.0,un,Paté de Salmão Pingo Doce 125 g
23,200.0,g,1.0,un,Batata Frita Lisa Receita Caseira Pingo Doce 200 g
24,110.0,g,1.0,un,Pota em Molho de Caldeirada Pingo Doce 110 g
25,250.0,g,1.0,un,Drops Recheio de Frutas Pingo Doce 250 g
26,100.0,g,1.0,un,Biscottinas de Tomate e Oregãos Pingo Doce 100 g
27,120.0,g,1.0,un,Atum Posta dos Açores em Azeite Pingo Doce 120 g
28,350.0,g,1.0,un,Mini Bolachas Salgadas Pingo Doce 350 g
29,50.0,g,1.0,un,Snack de Amendoim Pingo Doce 50 g
30,125.0,g,1.0,un,Pudim de Chia e Manga Pingo Doce 125 g
31,20.0,g,6.0,un,Barras de Cereais Chocobolas Pingo Doce 6x20g
32,1000.0,g,1.0,un,Arroz Agulha Europa Pingo Doce 1kg
33,225.0,g,1.0,un,Bolachas de Chocolate Cookies Pingo Doce 225 g
34,200.0,g,1.0,un,Miolo de Amendoim com Mel e Sal Pingo Doce 200 g
35,125.0,g,4.0,un,Sobremesa Láctea Sabor a Baunilha Pingo Doce 4×125 g
36,125.0,g,4.0,un,Sobremesa Láctea Sabor a Chocolate Pingo Doce 4×125 g
37,150.0,g,1.0,un,Farinha de Linhaça Amarela Pingo Doce 150 g
38,120.0,g,1.0,un,Filetes de Cavala em Azeite Pingo Doce 120 g
39,120.0,g,1.0,un,Filetes de Cavala em Tomate Pingo Doce 120 g
40,500.0,g,1.0,un,Massa Meada Normal Pingo Doce 500 g
41,125.0,g,1.0,un,Bolachas Mini Cookie Chocolate Pingo Doce 125 g
42,340.0,g,1.0,un,Molho de Tomate e Manjericão Pingo Doce 340 g
43,340.0,g,1.0,un,Molho para Bolonhesa Pingo Doce 340 g
44,250.0,g,1.0,un,Rebuçados Pingos de Neve Pingo Doce 250 g
45,165.0,g,1.0,un,Azeitonas Pretas em Rodelas Pingo Doce 165 g
46,200.0,g,1.0,un,Azeitonas Verdes Recheadas Pingo Doce 200 g
47,207.0,g,1.0,un,Maionese em Vidro Pingo Doce 207 g
48,355.0,g,1.0,un,Doce de Laranja Pingo Doce 355 g
49,355.0,g,1.0,un,Doce de Morango Pingo Doce 355 g
0,355.0,g,1.0,un,Doce de Pêssego Pingo Doce 355 g
1,165.0,g,1.0,un,Waffles Pingo Doce 165 g
2,250.0,g,1.0,un,Bolachas Wafer Chocolate Pingo Doce 250 g
3,250.0,g,1.0,un,Bolachas Wafer Baunilha Pingo Doce 250 g
4,245.0,ml,1.0,un,Molho de Iogurte Pingo Doce 245 ml
5,425.0,g,1.0,un,Bolachas Digestivas de Aveia Pingo Doce 425 g
6,400.0,g,1.0,un,Bolachas de Cereais Animais Pingo Doce 400 g
7,245.0,ml,1.0,un,Molho Vinagrete Mostarda Pingo Doce 245 ml
8,500.0,g,1.0,un,Massa Lasanha Pingo Doce 500 g
9,500.0,g,1.0,un,Massa Tagliatelle Nido Pingo Doce 500 g
10,250.0,g,1.0,un,Caramelos de Fruta Pingo Doce 250 g
11,170.0,g,1.0,un,Batata Frita Lisa Gourmet Pingo Doce 170 g
12,100.0,g,1.0,un,Moinho de Sal com Ervas Pingo Doce 100 g
13,100.0,g,1.0,un,Sal Marinho Moinho Pingo Doce 100 g
14,500.0,g,1.0,un,Massa Animais da Selva Pingo Doce 500 g
15,250.0,g,1.0,un,Crackers com Farinha de Quinoa e Chia Pingo Doce 250 g
16,600.0,g,1.0,un,Pão de Forma 12 Cereais e Sementes Pingo Doce 600 g
17,400.0,ml,1.0,un,Leite de Coco Pingo Doce 400 ml
18,150.0,g,1.0,un,Batatas Fritas Sabor Mel e Mostarda Pingo Doce 150 g
19,100.0,g,1.0,un,Chips de Lentilhas Pingo Doce 100 g
20,150.0,g,1.0,un,Batatas Fritas Sabor Molho de Leitão Pingo Doce 150 g
21,21.0,g,6.0,un,Barras de Cereais com Frutos Vermelhos Pingo Doce 6x21g
22,23.0,g,6.0,un,Barras de Cereais com Chocolate Pingo Doce 6x23g
23,150.0,g,1.0,un,Batatas Fritas Alho Negro Pingo Doce 150 g
24,150.0,g,1.0,un,Batatas Fritas Ovo Frito Pingo Doce 150 g
25,250.0,g,1.0,un,Bolachas Wafers de Canela Pingo Doce 250 g
26,115.0,g,1.0,un,Mexilhão em Escabeche Pingo Doce 115 g
27,397.0,g,1.0,un,Leite Condensado Pingo Doce 397 g
28,397.0,g,1.0,un,Leite Condensado Magro Pingo Doce 397 g
29,1000.0,g,1.0,un,Arroz Vaporizado Pingo Doce 1kg
30,150.0,g,1.0,un,Batata Frita Lisa Azeite Pingo Doce 150 g
31,1000.0,g,1.0,un,Arroz Agulha Uruguai Pingo Doce 1kg
32,250.0,g,1.0,un,Maionese com Tomilho Baixo Teor de Sal Pingo Doce 250 g
33,500.0,g,1.0,un,Bolachas com Recheio de Cacau Pingo Doce 500 g
34,470.0,g,1.0,un,Bolachas de Canela Pingo Doce 470 g
35,,,24.0,un,Caldo de Carne Cubos Pingo Doce 24 un
36,,,24.0,un,Caldo de Galinha Cubos Pingo Doce 24 un
37,250.0,g,1.0,un,Sementes de Linhaça Pingo Doce 250 g
38,200.0,g,1.0,un,Sementes de Sésamo Pingo Doce 200 g
39,100.0,g,1.0,un,Tablete de Chocolate Negro sem Açúcar Pingo Doce 100 g
40,355.0,g,1.0,un,Doce de Tomate Pingo Doce 355 g
41,300.0,g,1.0,un,Bolachas Maria Unidoses Pingo Doce 300 g
42,200.0,g,1.0,un,Sementes de Chia Pingo Doce 200 g
43,410.0,g,1.0,un,Leite Evaporado Pingo Doce 410 g
44,96.0,g,1.0,un,Tablete de Chocolate de Leite com Recheio de Menta Pingo Doce 96 g
45,96.0,g,1.0,un,Tablete de Chocolate de Leite com Recheio de Caramelo Pingo Doce 96 g
46,250.0,ml,1.0,un,Maionese com Manjericão Pingo Doce 250 ml
47,500.0,g,1.0,un,Polpa de Tomate com Manjericão e Oregãos Pingo Doce 500 g
48,270.0,g,1.0,un,Napolitanas de Chocolate Pingo Doce 270 g
49,270.0,g,1.0,un,Napolitanas de Baunilha Pingo Doce 270 g
0,,,300.0,un,Adoçante à Base de Aspartame Pingo Doce 300 un.
1,,,500.0,ml,Polpa de Tomate com Cebola e Alho Pingo Doce 500 ml
2,576.0,g,1.0,un,Ananás em Calda Pedaços Pingo Doce 576 g
3,450.0,g,1.0,un,Marmelada Extra Pingo Doce 450 g
4,250.0,g,1.0,un,Caramelos de Nata Pingo Doce 250 g
5,250.0,g,1.0,un,Rebuçados de Fruta Pingo Doce 250 g
6,1.0,L,1.0,un,Óleo Alimentar Pingo Doce 1 L
7,200.0,ml,1.0,un,Molho Teriyaki Pingo Doce 200 ml
8,200.0,ml,1.0,un,Molho Sweet Chili Pingo Doce 200 ml
9,200.0,ml,1.0,un,Molho Sriracha Pingo Doce 200 ml
10,250.0,g,1.0,un,Quinoa Cozida Pingo Doce 250 g
11,100.0,g,1.0,un,Tablete de Chocolate Negro com Avelãs Inteiras Pingo Doce 100 g
12,125.0,g,1.0,un,Papa de Aveia com Manteiga de Amêndoa Pingo Doce 125 g
13,1250.0,g,1.0,un,"Arroz Agulha Uruguai Formato Poupança Pingo Doce 1,25 kg"
14,45.0,g,4.0,un,Batata Frita Ondulada Original Pingo Doce 4×45 g
15,150.0,g,1.0,un,Bolachas Joaninhas Pingo Doce 150 g
16,250.0,g,1.0,un,Gressinos Finos Pingo Doce 250 g
17,100.0,g,4.0,un,Pudim Flan Instantâneo Pingo Doce 4×100 g
18,500.0,g,1.0,un,Bolachas com Recheio de Baunilha Pingo Doce 500 g
19,375.0,g,1.0,un,Cereais Bran Flakes Pingo Doce 375 g
20,,,4.0,un,Pastilhas Elásticas sem Açúcar Morango Pingo Doce 4 un
21,200.0,g,1.0,un,Sultana Dourada Pingo Doce 200 g
22,470.0,g,1.0,un,Maionese Light Pingo Doce 470 g
23,400.0,g,1.0,un,Caramelo Líquido Pingo Doce 400 g
24,22.6,g,4.0,un,"Tortitas de Milho com Chocolate Negro Pingo Doce 4×22,6 g"
25,150.0,g,1.0,un,Sortido de Chupas Pingo Doce 150 g
26,,,1000.0,un,Açúcar Amarelo Pingo Doce 1kg
27,180.0,g,1.0,un,Batata Frita Palha Finíssima Pingo Doce 180 g
28,90.0,g,1.0,un,"Snack Crocante de Amendoins, Amêndoas e Cajús Pingo Doce 90 g"
29,90.0,g,1.0,un,Snack Crocante de Amendoins e Pistáchios Pingo Doce 90 g
30,122.0,g,1.0,un,Tortitas de Arroz com Chocolate Negro Pingo Doce 122 g
31,35.0,g,5.0,un,Pimenta e Especiarias 5 Bagas com Moinho Pingo Doce 35 g
32,150.0,g,1.0,un,Alperce Seco Pingo Doce 150 g
33,250.0,g,1.0,un,Amendoim Frito com Piripíri Pingo Doce 250 g
34,330.0,g,1.0,un,Bolachas da Selva Pingo Doce 330 g
35,375.0,g,1.0,un,Cereais Estrelinhas Pingo Doce 375 g
36,190.0,g,1.0,un,Molho Pesto Alla Genovese Pingo Doce 190 g
37,350.0,g,1.0,un,Madalenas Clássicas Pingo Doce 350 g
38,,,800.0,un,Bolachas Maria Pingo Doce 4 un 800 g
39,225.0,g,1.0,un,Bolachas Brownie Cookies Pingo Doce 225 g
0,300.0,g,1.0,un,Bolachas Digestivas Cobertas de Chocolate de Leite Pingo Doce 300 g
1,800.0,g,4.0,un,Bolachas Maria Douradas Pingo Doce 4 un 800 g
2,150.0,g,1.0,un,Batata Doce Frita Pingo Doce 150 g
3,100.0,g,1.0,un,Pirâmide de Chocolate de Leite com Pedaços de Amêndoa Caramelizada e Mel Pingo Doce 100 g
4,100.0,g,1.0,un,Tablete de Chocolate Negro 74% de Cacau Pingo Doce 100 g
5,190.0,g,1.0,un,Molho Pesto Alla Calabrese Pingo Doce 190 g
6,500.0,g,1.0,un,Cereais Chocolocos Pingo Doce 500 g
7,45.0,g,1.0,un,Pimenta Preta com Moinho Pingo Doce 45 g
8,100.0,g,1.0,un,Tablete de Chocolate Negro com Café sem Açúcar Pingo Doce 100 g
9,250.0,g,1.0,un,Mistura de Sementes Pingo Doce 250 g
10,,,1.0,un,Creme com Vinagre Balsâmico de Modena Pingo Doce 250 ml
11,100.0,g,1.0,un,Tostas de Cacau sem Glúten Pingo Doce 100 g
12,180.0,g,1.0,un,Bolachas Marinheira Clássica Pingo Doce 180 g
13,180.0,g,1.0,un,Bolachas Marinheira Chia Pingo Doce 180 g
14,,,1.0,un,Bolachas Recheadas com Chocolate de Leite Pingo Doce
15,1250.0,g,1.0,un,"Arroz Vaporizado Formato Poupança Pingo Doce 1,25kg"
16,12.0,g,5.0,un,Snack de Maçã Desidratada Pingo Doce 5×12 g
17,200.0,g,1.0,un,Sementes de Abóbora Pingo Doce 200g
18,135.0,g,1.0,un,Tortitas de Grão Pingo Doce 135g
19,90.0,g,1.0,un,Snack de Amendoim e Chocolate Pingo Doce 90g
20,200.0,g,1.0,un,Puré de Batata Pingo Doce 200 g
21,160.0,g,1.0,un,Madalenas Clássicas sem Glúten Pingo Doce 160 g
22,150.0,g,1.0,un,Bolachas Petit Biscuit Chocolate de Leite Pingo Doce 150 g
23,120.0,g,1.0,un,Filetes de Atum em Azeite Pingo Doce 120 g
24,300.0,g,1.0,un,Torta Coberta de Cacau Pingo Doce 300 g
25,300.0,g,1.0,un,Torta com Recheio de Morango Pingo Doce 300 g
26,120.0,g,1.0,un,Sardinha em Tomate sem Pele e sem Espinha Pingo Doce 120 g
27,120.0,g,1.0,un,Sardinha em Azeite sem Pele e sem Espinha Pingo Doce 120 g
28,800.0,g,4.0,un,Bolachas Torradas Pingo Doce 4 un 800 g
29,500.0,g,1.0,un,Corn Flakes Pingo Doce 500 g
30,300.0,g,1.0,un,Gomas Tijolos & Cilindros Pingo Doce 300 g
31,150.0,g,1.0,un,Palitos de Chocolate Pingo Doce 150 g
32,300.0,g,1.0,un,Cereais Linha com Chocolate Pingo Doce 300 g
33,340.0,g,1.0,un,Manteiga de Amendoim com Pedaços Pingo Doce 340 g
34,500.0,g,1.0,un,Bolachas de Chocolate com Recheio de Chocolate Pingo Doce 500 g
35,340.0,g,1.0,un,Manteiga de Amendoim Cremosa Pingo Doce 340 g
36,120.0,g,1.0,un,Filetes de Atum ao Natural Pingo Doce 120 g
37,35.0,g,3.0,un,"Barras de Amendoins, Amêndoas e Avelãs Pingo Doce 3×35 g"
38,35.0,g,3.0,un,"Barra de Frutos Secos Pingo Doce com Amendoins, Arandos, Cajús e Amêndoas 3×35 g"
39,35.0,g,3.0,un,"Barras de Amendoins, Amêndoas, Choc e Pistáchio Pingo Doce 3×35 g"
40,150.0,g,1.0,un,Amêndoa com Pele Pingo Doce 150 g
41,150.0,g,1.0,un,Bolachas Petit Biscuit com Chocolate de Leite Pingo Doce 150 g
42,150.0,g,1.0,un,Bolachas Petit Biscuit com Chocolate Negro Pingo Doce 150 g
43,336.0,g,1.0,un,Madalenas com Recheio de Cacau Pingo Doce 336 g
44,375.0,g,1.0,un,Cereais Chocorice Pingo Doce 375 g
45,160.0,g,1.0,un,Bolachas Marinheira com Alfarroba Pingo Doce 160 g
46,397.0,g,1.0,un,Leite Condensado Cozido Pingo Doce 397 g
47,500.0,g,1.0,un,Cereais Linha Original Pingo Doce 500 g
48,,,1.0,un,Maionese Top Down Pingo Doce 420ml
49,250.0,g,1.0,un,Bolachas Belgas Pingo Doce 250 g
0,375.0,g,1.0,un,Cereais Fruta & Fibra Pingo Doce 375 g
1,200.0,g,1.0,un,Mini Tortitas de Milho e Sal sem Glúten Pingo Doce 200 g
2,414.0,g,1.0,un,Maionese em Vidro Pingo Doce 414 g
3,870.0,g,1.0,un,Pepino em Conserva Pingo Doce 870 g
4,200.0,g,1.0,un,Drageias de Chocolate Chocopintas Pingo Doce 200 g
5,500.0,ml,1.0,un,Molho de Francesinha Pingo Doce 500 ml
6,400.0,g,1.0,un,Bolachas de Manteiga Sprits Pingo Doce 400 g
7,200.0,g,1.0,un,Tablete de Chocolate Culinária Pingo Doce 200 g
8,200.0,g,1.0,un,Bolachas Crackers sem Glúten Pingo Doce 200 g
9,400.0,g,1.0,un,Palitos de Champanhe Pingo Doce 400 g
10,150.0,g,1.0,un,Amêndoa Laminada Pingo Doce 150 g
11,150.0,g,1.0,un,Amêndoa Palitada Pingo Doce 150 g
12,350.0,g,1.0,un,Mini Tostas de Trigo Pingo Doce 350 g
13,180.0,g,1.0,un,Madalenas de Chocolate sem Glúten Pingo Doce 180 g
14,1000.0,g,1.0,un,Arroz Thai Jasmine Pingo Doce 1 kg
15,250.0,g,1.0,un,Gressinos com Azeite Pingo Doce 250 g
16,250.0,g,1.0,un,Gressinos com Azeitona Preta Pingo Doce 250 g
17,375.0,g,1.0,un,Cereais Bolas de Chocolate Pingo Doce 375 g
18,355.0,g,1.0,un,Doce de Framboesa Pingo Doce 355 g
19,650.0,g,1.0,un,Pimentos Vermelhos em Conserva Pingo Doce 650 g
20,125.0,g,1.0,un,Flocos de Milho Cobertos com Chocolate Crocantíssimos Pingo Doce 125 g
21,,,10.0,saq,Cappuccino Solúvel Clássico Pingo Doce 10 saq
22,,,75.0,un,Sacos Multiusos com Atilho 3 L Pingo Doce 75 un
23,375.0,g,1.0,un,Cereais Cookie Bitz Pingo Doce 375 g
24,175.0,g,1.0,un,Bolas Crocantes com Cobertura de Chocolate Pingo Doce 175 g
25,55.0,g,1.0,un,Alho Laminado e Louro Cortado Pingo Doce 55 g
26,150.0,g,1.0,un,Barras de Sementes e Frutos Secos Pingo Doce 150 g
27,300.0,g,1.0,un,Bolachas Matinais de Leite e Cereais Pingo Doce 300 g
28,300.0,g,1.0,un,Bolachas Matinais de Chocolate Pingo Doce 300 g
29,300.0,g,1.0,un,Bolachas Matinais de Aveia Pingo Doce 300 g
30,300.0,g,1.0,un,Bolachas Matinais de Quinoa e Cereais Pingo Doce 300 g
31,155.0,g,1.0,un,"Azeitonas Mistas Retalhadas com Azeite, Alho e Orégãos Pingo Doce 155 g"
32,500.0,g,1.0,un,Cereais Farelo de Trigo Pingo Doce 500 g
33,345.0,g,1.0,un,Espargos Brancos em Conserva Pingo Doce 345 g
34,300.0,g,1.0,un,Bolachas Matinais de Cereais Integrais 0% Açúcar Adicionado Pingo Doce 300 g
35,100.0,g,1.0,un,Bolachas de Manteiga com Recheio de Coco Pingo Doce 100 g
36,150.0,g,1.0,un,Barras de Frutos Secos Sementes de Sésamo e Mel Pingo Doce 150 g
37,1000.0,ml,1.0,un,Polpa de Tomate Pingo Doce 1 L
38,,,5.0,un,Salsichas de Aves Frasco Pingo Doce 5 un
39,100.0,g,1.0,un,Tablete de Chocolate Negro com Laranja e Amêndoa Pingo Doce 100 g
40,1000.0,g,1.0,un,Massa Couscous Pingo Doce 1kg
41,80.0,g,1.0,un,Snack de Aveia e Framboesa Pingo Doce 80 g
42,100.0,g,1.0,un,Bolachas Belgas com Recheio de Cacau e Avelãs Pingo Doce 100 g
43,217.0,g,1.0,un,Maionese Vegan com Abacate Pingo Doce 217 g
44,500.0,g,1.0,un,Amendoim Torrado com Casca Pingo Doce 500 g
45,200.0,g,1.0,un,Ameixa Seca sem Caroço Pingo Doce 200 g
46,210.0,g,1.0,un,Azeitona Mista Negrinha do Douro Pingo Doce 210 g
47,375.0,g,1.0,un,Cereais Gold & Crash Pingo Doce 375 g
48,1000.0,g,1.0,un,Arroz Basmati Pingo Doce 1 kg
49,200.0,g,1.0,un,Cevada Solúvel Pingo Doce 200 g
0,1.0,kg,1.0,un,Arroz Risotto Pingo Doce 1 kg
1,,,15.0,un,Pastilhas de Café Intenso Pingo Doce 15 un
2,825.0,g,1.0,un,Pêssego em Calda Pingo Doce 825 g
3,500.0,g,1.0,un,Muesli Crunchy com Frutos Secos Pingo Doce 500 g
4,820.0,g,1.0,un,Pêssego em Calda Pingo Doce 820 g
5,300.0,g,1.0,un,Bolachas Matinais com Pepitas de Chocolate sem Açúcar Pingo Doce 300 g
6,500.0,g,1.0,un,Cereais Recheados com Chocolate e Avelã Choconuts Splash Pingo Doce 500 g
7,300.0,g,1.0,un,Bolachas Cobertas com Chocolate e Recheio de Laranja Pingo Doce 300 g
8,300.0,g,1.0,un,Bolachas Cobertas com Chocolate e Recheio de Framboesa Pingo Doce 300 g
9,280.0,g,1.0,un,Bolitos com Pepitas Chocolate de Leite Pingo Doce 280 g
10,300.0,g,1.0,un,Cereais Linha com Frutos Vermelhos Pingo Doce 300 g
11,825.0,g,1.0,un,Ananás em Calda Rodelas Pingo Doce 825 g
12,500.0,g,1.0,un,Massa Esparguete Di Nero Pingo Doce 500 g
13,250.0,g,1.0,un,Café Moído Universal Descafeinado Pingo Doce 250 g
14,1.25,kg,1.0,un,"Arroz Basmati Formato Poupança Pingo Doce 1,25 kg"
15,250.0,g,1.0,un,Café Grão Intenso Pingo Doce 250 g
16,250.0,g,1.0,un,Café Moído Moagem Universal Intenso Pingo Doce 250 g
17,250.0,g,1.0,un,Café Moído Moagem Universal Envolvente Pingo Doce 250 g
18,200.0,g,1.0,un,Bebida Solúvel de Cereais s/ cafeína Pingo Doce 200 g
19,375.0,g,1.0,un,Cereais Crocantes com Mel e Amêndoas Pingo Doce 375 g
20,200.0,g,1.0,un,Miolo de Noz Metades Pingo Doce 200 g
21,200.0,g,3.0,un,Pêssego em Calda Pingo Doce 3×200 g
22,200.0,g,1.0,un,"Tablete de Chocolate de Leite, Amêndoa e Caramelo Pingo Doce 200 g"
23,500.0,g,1.0,un,Batata Frita Palha Fina Pingo Doce 500 g
24,200.0,g,1.0,un,Tablete de Chocolate de Leite com Amêndoas Inteiras Pingo Doce 200 g
25,200.0,g,1.0,un,Tablete de Chocolate de Leite Pingo Doce 200 g
26,200.0,g,1.0,un,Tablete de Chocolate de Leite com Avelãs Inteiras Pingo Doce 200 g
27,800.0,g,1.0,un,Açúcar Branco 200 Sticks Pingo Doce 800 g
28,750.0,g,1.0,un,Tostas de Trigo Integral Pingo Doce 750 g
29,750.0,g,1.0,un,Tostas de Trigo Pingo Doce 750 g
30,500.0,g,1.0,un,Arroz Selvagem Pingo Doce 500 g
31,200.0,g,1.0,un,Tablete de Chocolate Negro Culinária 70% Cacau Pingo Doce 200 g
32,1.0,kg,1.0,un,Açúcar Mascavado Pingo Doce 1kg
33,500.0,g,1.0,un,Cereais Crunchy Muesli Frutas Pingo Doce 500 g
34,500.0,g,1.0,un,Muesli Crunchy de Chocolate Pingo Doce 500 g
35,400.0,g,1.0,un,Creme para Barrar com Cacau e Avelãs Pingo Doce 400 g
36,390.0,g,1.0,un,Corações de Alcachofra Pingo Doce 390 g
37,100.0,g,1.0,un,Café Solúvel Pingo Doce 100 g
38,,,5.0,un,Salsichas Tipo Alemãs Frasco Pingo Doce 5 un
39,500.0,g,1.0,un,Farinha para Bolo de Chocolate Pingo Doce 500 g
40,80.0,g,1.0,un,Café Solúvel Creme Pingo Doce 80 g
41,840.0,g,1.0,un,Salada de Frutas em Conserva Pingo Doce 840 g
42,110.0,g,1.0,un,Ventresca de Atum em Azeite Pingo Doce 110 g
43,200.0,g,1.0,un,Tablete de Chocolate Negro Pingo Doce 200 g
44,200.0,g,1.0,un,Mistura Exótica de Frutos Secos Pingo Doce 200 g
45,200.0,g,1.0,un,Café Moído Universal Vietname Pingo Doce 200 g
46,200.0,g,1.0,un,Mistura de Frutos Secos Natural Pingo Doce 200 g
47,150.0,g,1.0,un,Miolo de Avelã com Pele Pingo Doce 150 g
48,200.0,g,1.0,un,Mistura de Frutos Secos Pingo Doce 200 g
49,500.0,g,1.0,un,Cereais Recheados com Leite Milkie Splash Pingo Doce 500 g
0,100.0,g,1.0,un,Café Solúvel Descafeinado Pingo Doce 100 g
1,560.0,g,1.0,un,Azeitonas Verdes Hojiblanc Pingo Doce 560 g
2,100.0,g,1.0,un,Café Solúvel Intenso Pingo Doce 100 g
3,245.0,g,1.0,un,Doce de Frutos Vermelhos sem adição de Açúcar Pingo Doce 245 g
4,245.0,g,1.0,un,Doce de Morango sem adição de Açúcar Pingo Doce 245 g
5,245.0,g,1.0,un,Doce de Abóbora sem adição de Açúcar Pingo Doce 245 g
6,,,5.0,un,Salsichas de Soja Pingo Doce 5 un
7,200.0,g,1.0,un,Caju Frito com Sal Pingo Doce 200 g
8,385.0,g,1.0,un,Atum Posta em Óleo Pingo Doce 385 g
9,200.0,g,1.0,un,Snack de Chocolate de Leite Pingo Doce 200 g
10,385.0,g,1.0,un,Atum Posta ao Natural em Água Pingo Doce 385 g
11,200.0,g,1.0,un,Bebida de Cereais com Café Pingo Doce 200 g
12,500.0,g,1.0,un,Granola Delícia de Caramelo Pingo Doce 500 g
13,500.0,g,1.0,un,Granola 3 Chocolates Pingo Doce 500 g
14,200.0,g,1.0,un,Caju Natural Pingo Doce 200 g
15,325.0,g,1.0,un,Granola com Chocolate Branco e Café Pingo Doce 325g
16,200.0,g,1.0,un,Amêndoa sem Pele Pingo Doce 200 g
17,200.0,g,1.0,un,Pistáchios Torrados sem Sal Pingo Doce 200 g
18,200.0,g,1.0,un,Tablete de Chocolate Culinária sem Açúcar Pingo Doce 200 g
19,500.0,g,1.0,un,Pão de Forma Brioche Pingo Doce 500 g
20,1000.0,g,1.0,un,Farinha sem Glúten Pingo Doce 1kg
21,,,6.0,un,Salsichas Hot Dog Frasco Pingo Doce 6 un
22,100.0,g,1.0,un,Café Solúvel Gold Pingo Doce 100 g
23,200.0,g,1.0,un,Bebida de Cereais Chicória com Café Pingo Doce 200 g
24,240.0,g,1.0,un,Pipocas Doces Pingo Doce 240 g
25,325.0,g,1.0,un,Granola de Frutas e Frutos Secos sem Açúcar Pingo Doce 325 g
26,450.0,g,1.0,un,Cereais Galáticos Pingo Doce 450g
27,300.0,g,1.0,un,Mix para Panquecas sem Glúten Pingo Doce 300 g
28,500.0,g,1.0,un,Marmelada Pingo Doce 500 g
29,350.0,g,1.0,un,"Snack de Chocolate com Amendoim, Caramelo e Nougat Pingo Doce 350 g"
30,350.0,g,1.0,un,"Snack de Chocolate, Caramelo e Bolacha Pingo Doce 350 g"
31,350.0,g,1.0,un,Snack de Chocolate com Caramelo e Nougat Pingo Doce 350 g
32,800.0,g,1.0,un,Tremoços 13/15 em Frasco Pingo Doce 800 g
33,1000.0,g,1.0,un,Cereais Chocolocos Pingo Doce 1kg
34,400.0,g,1.0,un,Gomas Party Mix Pingo Doce 400 g
35,500.0,g,1.0,un,Tapioca Hidratada Pingo Doce 500 g
36,200.0,g,1.0,un,Farinha de Amêndoa Pingo Doce 200 g
37,300.0,g,1.0,un,Super Pequeno-Almoço de Cacau e Canela Pingo Doce 300 g
38,300.0,g,1.0,un,Pão de Forma Clássico sem Glúten Pingo Doce 300 g
39,1000.0,g,1.0,un,Corn Flakes Pingo Doce 1 kg
40,200.0,g,1.0,un,Caju Torrado sem Sal Pingo Doce 200 g
41,200.0,g,1.0,un,Amêndoa com Pele Torrada Pingo Doce 200 g
42,200.0,g,1.0,un,Amêndoa Frita com Sal Pingo Doce 200 g
43,300.0,g,1.0,un,Tahini Clássico Pingo Doce 300 g
44,200.0,g,1.0,un,Mix de Frutos Secos Salgados Pingo Doce 200 g
45,300.0,g,1.0,un,Bolachas Recheadas Baunilha e Chocolate Pingo Doce 300g
46,300.0,g,1.0,un,Pão de Forma com Sementes sem Glúten Pingo Doce 300 g
47,200.0,g,1.0,un,Caju Frito com Piripíri Pingo Doce 200 g
48,200.0,g,1.0,un,Miolo de Castanha do Brasil Pingo Doce 200 g
49,25.0,cl,1.0,un,Azeite Virgem Extra Nossas Planícies Pingo Doce 25 cl
0,860.0,g,1.0,un,Polpa de Manga Pingo Doce 860 g
1,565.0,g,1.0,un,Polpa de Maracujá com Sementes Pingo Doce 565 g
2,385.0,g,1.0,un,Atum Posta em Azeite Pingo Doce 385 g
3,200.0,g,1.0,un,Miolo Noz Pecan Pingo Doce 200 g
4,300.0,g,1.0,un,Super Pequeno-Almoço de Frutos Secos Pingo Doce 300 g
5,250.0,g,1.0,un,Pistáchios Torrados com Sal Pingo Doce 250 g
6,,,1000.0,un,Muesli Crunchy Pingo Doce 1kg
7,800.0,g,1.0,un,Bebida de Chocolate Solúvel Pingo Doce 800 g
8,200.0,g,1.0,un,Sementes de Cânhamo Pingo Doce 200 g
9,325.0,g,1.0,un,Granola de Maçã sem Glúten Pingo Doce 325 g
10,750.0,g,1.0,un,Flocos de Cereais Mel Pingo Doce 750 g
11,750.0,g,1.0,un,Papa Infantil Não Láctea Trigo Pingo Doce 750 g
12,650.0,g,1.0,un,Noz com Casca Pingo Doce 650 g
13,454.0,g,1.0,un,Bolachas de Manteiga Butter Cookies Pingo Doce 454 g
14,400.0,g,1.0,un,Amêndoa com Pele Formato Poupança Pingo Doce 400 g
15,350.0,g,1.0,un,Caju Natural Formato Poupança Pingo Doce 350 g
16,560.0,g,1.0,un,Azeitonas Verdes Retalhadas com Oregãos Pingo Doce 560 g
17,125.0,g,1.0,un,Macadamias Pingo Doce 125 g
18,800.0,g,1.0,un,Noz com Casca Formato Poupança Pingo Doce 800 g
19,250.0,g,1.0,un,Ovos de Chocolate de Leite Pingo Doce 250 g
20,250.0,g,1.0,un,Ovos de Chocolate Negro Pingo Doce 250 g
21,300.0,g,1.0,un,Tablete de Chocolate Biiig Cookie Pingo Doce 300g
22,300.0,g,1.0,un,Tablete de Chocolate Biiig Biscuit Pingo Doce 300g
23,300.0,g,1.0,un,Tablete de Chocolate Biiig Amendoim Pingo Doce 300g
24,3000.0,ml,1.0,un,Óleo Alimentar Pingo Doce 3 L
25,1000.0,g,1.0,un,Papa Infantil Láctea Pingo Doce 1kg
26,50.0,cl,1.0,un,Azeite Virgem Extra Não Filtrado Nossas Planícies Pingo Doce 50 cl
27,50.0,cl,1.0,un,Azeite Virgem Extra Não Filtrado Nossos Planaltos Pingo Doce 50 cl
28,,,8.0,un,Salsichas Tipo Alemãs Frasco Pingo Doce 8 un
29,750.0,cl,1.0,un,Azeite Virgem Extra Nossas Planícies Pingo Doce 75 cl
30,3000.0,ml,1.0,un,Azeite Virgem Extra Nossas Planícies Pingo Doce 3 L
31,230.0,g,1.0,un,Massa Folhada Refrigerada Pingo Doce 230 g
32,230.0,g,1.0,un,Massa Quebrada Refrigerada Pingo Doce 230 g
33,260.0,g,1.0,un,Massa para Pizza Refrigerada Pingo Doce 260 g
34,200.0,g,1.0,un,Hummus de Grão Pingo Doce 200 g
35,1000.0,ml,1.0,un,Gaspacho Pingo Doce 1 L
36,200.0,g,1.0,un,Guacamole Pingo Doce 200 g
37,250.0,g,1.0,un,Massa Filo Pingo Doce 250 g
38,250.0,g,1.0,un,Mini Panquecas Pingo Doce 250 g
39,180.0,g,1.0,un,Salada de Quinoa com Beterraba e Feijão Pingo Doce 180 g
40,400.0,g,1.0,un,Lasanha Bolonhesa Pingo Doce 400 g
41,410.0,g,1.0,un,Pizza Fresca de Fiambre e Queijo Pingo Doce 410 g
42,415.0,g,1.0,un,Pizza Fresca Capricciosa Pingo Doce 415 g
43,400.0,g,1.0,un,Lasanha de Vegetais Pingo Doce 400 g
44,135.0,g,2.0,un,Chickenburguers Pingo Doce 2×135 g
45,280.0,g,1.0,un,Massa Folhada sem Glúten Pingo Doce 280 g
46,150.0,g,2.0,un,Cheeseburguers Pingo Doce 2×150 g
47,400.0,g,1.0,un,Pizza Fresca de Frango Pingo Doce 400 g
48,390.0,g,1.0,un,Pizza Fresca de Presunto Serrano Pingo Doce 390 g
49,410.0,g,1.0,un,Pizza Fresca de Pepperoni Pingo Doce 410 g
0,390.0,g,1.0,un,Pizza Fresca 4 Queijos Pingo Doce 390 g
1,415.0,g,1.0,un,Pizza Fresca Carbonara Pingo Doce 415 g
2,405.0,g,1.0,un,Pizza Fresca de Atum e Bacon Pingo Doce 405 g
3,390.0,g,1.0,un,Pizza Fresca de Queijo e Fiambre sem Glúten e sem Lactose Pingo Doce 390 g
4,450.0,g,1.0,un,Rosca de Presunto e Queijo Pingo Doce 450 g
5,1000.0,g,1.0,un,Lasanha Bolonhesa Pingo Doce 1kg
6,1000.0,g,1.0,un,Cannelloni Bolonhesa Pingo Doce 1kg
7,1000.0,g,1.0,un,Canelloni de Espinafres com Ricotta Pingo Doce 1kg
