Product Name,Product ID,Price,Price per unit,Brand,Category,Image URL,Minimum Quantity,Product Link,cgid,tracking_date,source
Mini Pizzas de Fiambre e Queijo,3052221,3.8,"€14,07/kg",Buitoni Piccolinis,Congelados/Pizzas,https://www.continente.pt/dw/image/v2/BDVS_PRD/on/demandware.static/-/Sites-col-master-catalog/default/dw11a9e0f2/images/col/305/3052221-hero.jpg?sw=280&sh=280,emb. 270 gr (9 un),https://www.continente.pt/produto/mini-pizzas-de-fiambre-e-queijo-buitoni-piccolinis-3052221.html,congelados,2024-11-25,Continente
Hambúrguer de Frango sem Glúten e Batatas Palitos Micro-ondas,7917961,5.39,"€12,25/kg",Iglo,Congelados/Hambúrgueres e Almôndegas,https://www.continente.pt/dw/image/v2/BDVS_PRD/on/demandware.static/-/Sites-col-master-catalog/default/dwc96ea4bc/images/col/791/7917961-frente.jpg?sw=280&sh=280,emb. 240 gr (4 un) + 200 gr,https://www.continente.pt/produto/hamburguer-de-frango-sem-gluten-e-batatas-palitos-micro-ondas-iglo-7917961.html,congelados,2024-11-25,Continente
Mimos de Pescada do Cabo Ultracongelados,5014116,9.99,"€9,99/kg",Pescanova,"Frescos/Peixaria/Filetes, Lombos e Postas/Congelado",https://www.continente.pt/dw/image/v2/BDVS_PRD/on/demandware.static/-/Sites-col-master-catalog/default/dw583a99e9/images/col/501/5014116-frente.jpg?sw=280&sh=280,emb. 1 kg,https://www.continente.pt/produto/mimos-de-pescada-do-cabo-ultracongelados-pescanova-5014116.html,congelados,2024-11-25,Continente
Gelado Cone Morango 6 unidades,5564190,5.49,"€10,17/lt",Cornetto,Congelados/Gelados/Gelados de Cone,https://www.continente.pt/dw/image/v2/BDVS_PRD/on/demandware.static/-/Sites-col-master-catalog/default/dw75e7c327/images/col/556/5564190-hero.jpg?sw=280&sh=280,emb. 540 ml (6 un),https://www.continente.pt/produto/gelado-cone-morango-6-unidades-cornetto-5564190.html,congelados,2024-11-25,Continente
Ervilhas,4882816,4.99,"€4,44/kg",Iglo,Congelados/Frutas e Legumes/Legumes,https://www.continente.pt/dw/image/v2/BDVS_PRD/on/demandware.static/-/Sites-col-master-catalog/default/dwa6c74b6c/images/col/488/4882816-frente.jpg?sw=280&sh=280,"emb. 1,125 kg",https://www.continente.pt/produto/ervilhas-iglo-4882816.html,congelados,2024-11-25,Continente
Batata Gomos Mediterranean,3911249,3.79,"€5,05/kg",McCain,Congelados/Batata Frita e Puré,https://www.continente.pt/dw/image/v2/BDVS_PRD/on/demandware.static/-/Sites-col-master-catalog/default/dwcbae9665/images/col/391/3911249-frente.png?sw=280&sh=280,emb. 750 gr,https://www.continente.pt/produto/batata-gomos-mediterranean-mccain-3911249.html,congelados,2024-11-25,Continente
Pizza Ristorante de Pepperoni e Salame,3002399,3.69,"€11,53/kg",Ristorante,Congelados/Pizzas,https://www.continente.pt/dw/image/v2/BDVS_PRD/on/demandware.static/-/Sites-col-master-catalog/default/dw6e1ecc2c/images/col/300/3002399-direito.png?sw=280&sh=280,emb. 337 gr,https://www.continente.pt/produto/pizza-ristorante-de-pepperoni-e-salame-ristorante-3002399.html,congelados,2024-11-25,Continente
Croquetes de Carne,7163251,2.79,"€8,72/kg",Continente,"Congelados/Salgados, Folhados e Pastelaria/Salgados",https://www.continente.pt/dw/image/v2/BDVS_PRD/on/demandware.static/-/Sites-col-master-catalog/default/dw9677cb4f/images/col/716/7163251-hero.jpg?sw=280&sh=280,emb. 320 gr (10 un),https://www.continente.pt/produto/croquetes-de-carne-continente-7163251.html,congelados,2024-11-25,Continente
Porções de Salmão Ultracongelado,3738132,12.99,"€25,98/kg",Royal Greenland,"Frescos/Peixaria/Filetes, Lombos e Postas/Congelado",https://www.continente.pt/dw/image/v2/BDVS_PRD/on/demandware.static/-/Sites-col-master-catalog/default/dw185f4d7d/images/col/373/3738132-frente.jpg?sw=280&sh=280,5 un x 100 gr (500 gr),https://www.continente.pt/produto/porcoes-de-salmao-ultracongelado-royal-greenland-3738132.html,congelados,2024-11-25,Continente
Crocantes de Frango Parmesão e Ervas,5779700,3.74,"€20,78/kg",Iglo,Congelados/Nuggets e Crocantes,https://www.continente.pt/dw/image/v2/BDVS_PRD/on/demandware.static/-/Sites-col-master-catalog/default/dwbca393f0/images/col/577/5779700-direito.jpg?sw=280&sh=280,emb. 180 gr (2 un),https://www.continente.pt/produto/crocantes-de-frango-parmesao-e-ervas-iglo-5779700.html,congelados,2024-11-25,Continente
Miolo de Camarão Grande 40/60 Ultracongelado,5691213,4.58,"€22,90/kg",Pescanova,Frescos/Peixaria/Marisco/Congelado,https://www.continente.pt/dw/image/v2/BDVS_PRD/on/demandware.static/-/Sites-col-master-catalog/default/dwd0fa62ae/images/col/569/5691213-frente.jpg?sw=280&sh=280,emb. 200 gr,https://www.continente.pt/produto/miolo-de-camarao-grande-40-60-ultracongelado-pescanova-5691213.html,congelados,2024-11-25,Continente
Esparregado de Espinafres,5593773,3.49,"€4,65/kg",Iglo,Congelados/Frutas e Legumes/Legumes,https://www.continente.pt/dw/image/v2/BDVS_PRD/on/demandware.static/-/Sites-col-master-catalog/default/dw09b35d08/images/col/559/5593773-direito.jpg?sw=280&sh=280,emb. 750 gr,https://www.continente.pt/produto/esparregado-de-espinafres-iglo-5593773.html,congelados,2024-11-25,Continente
Gelado Cookie Dough,7109616,6.79,"€14,60/lt",Ben & Jerrys,Congelados/Gelados/Gelados Americanos,https://www.continente.pt/dw/image/v2/BDVS_PRD/on/demandware.static/-/Sites-col-master-catalog/default/dw31ab2a4e/images/col/710/7109616-hero.jpg?sw=280&sh=280,emb. 465 ml,https://www.continente.pt/produto/gelado-cookie-dough-ben-jerrys-7109616.html,congelados,2024-11-25,Continente
Pão de Queijo,7055967,2.69,"€8,97/kg",Continente Seleção,"Congelados/Salgados, Folhados e Pastelaria/Pão de Alho e Pão de Queijo",https://www.continente.pt/dw/image/v2/BDVS_PRD/on/demandware.static/-/Sites-col-master-catalog/default/dw4821eeb7/images/col/705/7055967-frente.jpg?sw=280&sh=280,emb. 300 gr (12 un),https://www.continente.pt/produto/pao-de-queijo-continente-selecao-7055967.html,congelados,2024-11-25,Continente
Almôndegas de Proteína Vegetal,7207960,3.99,"€16,62/kg",Iglo Green Cuisine,Congelados/Hambúrgueres e Almôndegas,https://www.continente.pt/dw/image/v2/BDVS_PRD/on/demandware.static/-/Sites-col-master-catalog/default/dwe32aa314/images/col/720/7207960-frente.jpg?sw=280&sh=280,emb. 240 gr (10 un),https://www.continente.pt/produto/almondegas-de-proteina-vegetal-iglo-green-cuisine-7207960.html,congelados,2024-11-25,Continente
Gelado Perna de Pau,4704539,4.99,"€11,88/lt",Olá,Congelados/Gelados/Gelados Infantis,https://www.continente.pt/dw/image/v2/BDVS_PRD/on/demandware.static/-/Sites-col-master-catalog/default/dw5246defe/images/col/470/4704539-hero.jpg?sw=280&sh=280,emb. 420 ml (6 un),https://www.continente.pt/produto/gelado-perna-de-pau-ola-4704539.html,congelados,2024-11-25,Continente
Açaí Biológico,8021790,8.99,"€19,01/kg",Oakberry,Congelados/Frutas e Legumes/Frutas,https://www.continente.pt/dw/image/v2/BDVS_PRD/on/demandware.static/-/Sites-col-master-catalog/default/dw15f85d23/images/col/802/8021790-frente.jpg?sw=280&sh=280,emb. 473 ml,https://www.continente.pt/produto/acai-biologico-oakberry-8021790.html,congelados,2024-11-25,Continente
Batata Palitos Golden Long,2241870,3.99,"€3,99/kg",McCain,Congelados/Batata Frita e Puré,https://www.continente.pt/dw/image/v2/BDVS_PRD/on/demandware.static/-/Sites-col-master-catalog/default/dw555daa31/images/col/224/2241870-frente.png?sw=280&sh=280,emb. 1 kg,https://www.continente.pt/produto/batata-palitos-golden-long-mccain-2241870.html,congelados,2024-11-25,Continente
Pizza Rústica Royale,7052742,6.99,"€12,16/kg",Rústica,Congelados/Pizzas,https://www.continente.pt/dw/image/v2/BDVS_PRD/on/demandware.static/-/Sites-col-master-catalog/default/dw44d87e83/images/col/705/7052742-direito.png?sw=280&sh=280,emb. 575 gr,https://www.continente.pt/produto/pizza-rustica-royale-rustica-7052742.html,congelados,2024-11-25,Continente
Lombos de Salmão ASC Ultracongelado,6635820,12.99,"€25,98/kg",Continente,"Frescos/Peixaria/Filetes, Lombos e Postas/Congelado",https://www.continente.pt/dw/image/v2/BDVS_PRD/on/demandware.static/-/Sites-col-master-catalog/default/dwddcec5ad/images/col/663/6635820-frente.jpg?sw=280&sh=280,4 un x 125 gr (500 gr),https://www.continente.pt/produto/lombos-de-salmao-asc-ultracongelado-continente-6635820.html,congelados,2024-11-25,Continente
Brócolos,7759026,1.88,"€1,88/kg",Continente,Congelados/Frutas e Legumes/Legumes,https://www.continente.pt/dw/image/v2/BDVS_PRD/on/demandware.static/-/Sites-col-master-catalog/default/dw2a9f1a22/images/col/775/7759026-frente.jpg?sw=280&sh=280,emb. 1 kg,https://www.continente.pt/produto/brocolos-continente-7759026.html,congelados,2024-11-25,Continente
Bacalhau Desfiado MSC Demolhado Ultracongelado,7291007,5.49,"€10,98/kg",Continente,Frescos/Peixaria/Bacalhau/Congelado,https://www.continente.pt/dw/image/v2/BDVS_PRD/on/demandware.static/-/Sites-col-master-catalog/default/dw14479e00/images/col/729/7291007-frente.jpg?sw=280&sh=280,emb. 500 gr,https://www.continente.pt/produto/bacalhau-desfiado-msc-demolhado-ultracongelado-continente-7291007.html,congelados,2024-11-25,Continente
Cebola Picada,8028031,1.49,"€2,48/kg",Continente,Congelados/Frutas e Legumes/Legumes,https://www.continente.pt/dw/image/v2/BDVS_PRD/on/demandware.static/-/Sites-col-master-catalog/default/dw18b93bef/images/col/802/8028031-frente.jpg?sw=280&sh=280,emb. 600 gr,https://www.continente.pt/produto/cebola-picada-continente-8028031.html,congelados,2024-11-25,Continente
Ervilhas,6881807,1.38,"€1,38/kg",Continente,Congelados/Frutas e Legumes/Legumes,https://www.continente.pt/dw/image/v2/BDVS_PRD/on/demandware.static/-/Sites-col-master-catalog/default/dwc1780928/images/col/688/6881807-frente.jpg?sw=280&sh=280,emb. 1 kg,https://www.continente.pt/produto/ervilhas-continente-6881807.html,congelados,2024-11-25,Continente
Alho Picado,2907529,1.19,"€7,93/kg",Continente,Congelados/Frutas e Legumes/Legumes,https://www.continente.pt/dw/image/v2/BDVS_PRD/on/demandware.static/-/Sites-col-master-catalog/default/dwb4068c82/images/col/290/2907529-hero.jpg?sw=280&sh=280,emb. 150 gr,https://www.continente.pt/produto/alho-picado-continente-2907529.html,congelados,2024-11-25,Continente
Abóbora aos Pedaços,7400655,1.98,"€2,64/kg",Continente,Congelados/Frutas e Legumes/Legumes,https://www.continente.pt/dw/image/v2/BDVS_PRD/on/demandware.static/-/Sites-col-master-catalog/default/dwad0b1bf6/images/col/740/7400655-frente.jpg?sw=280&sh=280,emb. 750 gr,https://www.continente.pt/produto/abobora-aos-pedacos-continente-7400655.html,congelados,2024-11-25,Continente
Lombos de Bacalhau da Noruega MSC Demolhado Ultracongelado,7291113,13.49,"€16,86/kg",Continente,Frescos/Peixaria/Bacalhau/Congelado,https://www.continente.pt/dw/image/v2/BDVS_PRD/on/demandware.static/-/Sites-col-master-catalog/default/dw287aec2f/images/col/729/7291113-frente.jpg?sw=280&sh=280,emb. 800 gr,https://www.continente.pt/produto/lombos-de-bacalhau-da-noruega-msc-demolhado-ultracongelado-continente-7291113.html,congelados,2024-11-25,Continente
Espinafres em Folha,2839624,1.29,"€1,72/kg",Continente,Congelados/Frutas e Legumes/Legumes,https://www.continente.pt/dw/image/v2/BDVS_PRD/on/demandware.static/-/Sites-col-master-catalog/default/dw7b5f5114/images/col/283/2839624-hero.jpg?sw=280&sh=280,emb. 750 gr,https://www.continente.pt/produto/espinafres-em-folha-continente-2839624.html,congelados,2024-11-25,Continente
Couve Flor,7973094,1.38,"€1,84/kg",Continente,Congelados/Frutas e Legumes/Legumes,https://www.continente.pt/dw/image/v2/BDVS_PRD/on/demandware.static/-/Sites-col-master-catalog/default/dw34b948ff/images/col/797/7973094-frente.jpg?sw=280&sh=280,emb. 750 gr,https://www.continente.pt/produto/couve-flor-continente-7973094.html,congelados,2024-11-25,Continente
Medalhões de Salmão Ultracongelado,7656035,11.49,"€28,72/kg",Pescanova,"Frescos/Peixaria/Filetes, Lombos e Postas/Congelado",https://www.continente.pt/dw/image/v2/BDVS_PRD/on/demandware.static/-/Sites-col-master-catalog/default/dw90e92b44/images/col/765/7656035-frente.jpg?sw=280&sh=280,emb. 400 gr,https://www.continente.pt/produto/medalhoes-de-salmao-ultracongelado-pescanova-7656035.html,congelados,2024-11-25,Continente
Filetes de Robalo ASC Ultracongelado,7415730,5.99,"€29,95/kg",Iglo,"Frescos/Peixaria/Filetes, Lombos e Postas/Congelado",https://www.continente.pt/dw/image/v2/BDVS_PRD/on/demandware.static/-/Sites-col-master-catalog/default/dwb92347e0/images/col/741/7415730-direito.jpg?sw=280&sh=280,2 un x 100 gr (200 gr),https://www.continente.pt/produto/filetes-de-robalo-asc-ultracongelado-iglo-7415730.html,congelados,2024-11-25,Continente
Tranches de Salmão Selvagem MSC Ultracongelado,5934282,12.99,"€29,52/kg",Iglo,"Frescos/Peixaria/Filetes, Lombos e Postas/Congelado",https://www.continente.pt/dw/image/v2/BDVS_PRD/on/demandware.static/-/Sites-col-master-catalog/default/dw98400ce2/images/col/593/5934282-frente.jpg?sw=280&sh=280,4 un x 110 gr (440 gr),https://www.continente.pt/produto/tranches-de-salmao-selvagem-msc-ultracongelado-iglo-5934282.html,congelados,2024-11-25,Continente
Puré de Batata com Noz Moscada,6531407,2.49,"€2,49/kg",Continente,Congelados/Batata Frita e Puré,https://www.continente.pt/dw/image/v2/BDVS_PRD/on/demandware.static/-/Sites-col-master-catalog/default/dw6767ffe8/images/col/653/6531407-hero.jpg?sw=280&sh=280,emb. 1 kg,https://www.continente.pt/produto/pure-de-batata-com-noz-moscada-continente-6531407.html,congelados,2024-11-25,Continente
Miolo de Camarão 80/100 Ultracongelado,4750959,3.79,"€15,16/kg",Continente,Frescos/Peixaria/Marisco/Congelado,https://www.continente.pt/dw/image/v2/BDVS_PRD/on/demandware.static/-/Sites-col-master-catalog/default/dwefe74a89/images/col/475/4750959-frente.jpg?sw=280&sh=280,emb. 250 gr,https://www.continente.pt/produto/miolo-de-camarao-80-100-ultracongelado-continente-4750959.html,congelados,2024-11-25,Continente
Nuggets de Frango,5784385,12.99,"€12,47/kg",Capitão Iglo,Congelados/Nuggets e Crocantes,https://www.continente.pt/dw/image/v2/BDVS_PRD/on/demandware.static/-/Sites-col-master-catalog/default/dwc6e8e426/images/col/578/5784385-frente.jpg?sw=280&sh=280,"emb. 1,042 kg (50 un)",https://www.continente.pt/produto/nuggets-de-frango-capitao-iglo-5784385.html,congelados,2024-11-25,Continente
Douradinhos de Peixe Ómega-3,7227707,13.99,"€9,82/kg",Capitão Iglo,Congelados/Douradinhos e Filetes,https://www.continente.pt/dw/image/v2/BDVS_PRD/on/demandware.static/-/Sites-col-master-catalog/default/dw6572e8d1/images/col/722/7227707-frente.jpg?sw=280&sh=280,"emb. 1,4 kg (50 un)",https://www.continente.pt/produto/douradinhos-de-peixe-omega-3-capitao-iglo-7227707.html,congelados,2024-11-25,Continente
Batata Palitos Finos,8020289,3.59,"€1,80/kg",Continente,Congelados/Batata Frita e Puré,https://www.continente.pt/dw/image/v2/BDVS_PRD/on/demandware.static/-/Sites-col-master-catalog/default/dw1050950b/images/col/802/8020289-frente.jpg?sw=280&sh=280,emb. 2 kg,https://www.continente.pt/produto/batata-palitos-finos-continente-8020289.html,congelados,2024-11-25,Continente
Barrinhas de Salmão sem Glúten,5893654,2.99,"€9,97/kg",Pescanova,Congelados/Douradinhos e Filetes,https://www.continente.pt/dw/image/v2/BDVS_PRD/on/demandware.static/-/Sites-col-master-catalog/default/dw9ce5b927/images/col/589/5893654-direito.jpg?sw=280&sh=280,emb. 300 gr (10 un),https://www.continente.pt/produto/barrinhas-de-salmao-sem-gluten-pescanova-5893654.html,congelados,2024-11-25,Continente
Almôndegas com Molho Bolonhesa,4403932,5.99,"€14,98/kg",Iglo,Congelados/Hambúrgueres e Almôndegas,https://www.continente.pt/dw/image/v2/BDVS_PRD/on/demandware.static/-/Sites-col-master-catalog/default/dw9d565302/images/col/440/4403932-frente.jpg?sw=280&sh=280,emb. 400 gr,https://www.continente.pt/produto/almondegas-com-molho-bolonhesa-iglo-4403932.html,congelados,2024-11-25,Continente
Gelado Caramelo e Manteiga de Amendoim com cobertura Chocolate,7622308,3.69,"€13,67/kg",Snickers,Congelados/Gelados/Mini Bites e Sandwich,https://www.continente.pt/dw/image/v2/BDVS_PRD/on/demandware.static/-/Sites-col-master-catalog/default/dw4fe280dc/images/col/762/7622308-direito.jpg?sw=280&sh=280,emb. 270 gr (6 un),https://www.continente.pt/produto/gelado-caramelo-e-manteiga-de-amendoim-com-cobertura-chocolate-snickers-7622308.html,congelados,2024-11-25,Continente
Medalhões de Pescada do Cabo Ultracongelados,4952137,3.69,"€9,23/kg",Continente,"Frescos/Peixaria/Filetes, Lombos e Postas/Congelado",https://www.continente.pt/dw/image/v2/BDVS_PRD/on/demandware.static/-/Sites-col-master-catalog/default/dwb92922f0/images/col/495/4952137-frente.jpg?sw=280&sh=280,emb. 400 gr,https://www.continente.pt/produto/medalhoes-de-pescada-do-cabo-ultracongelados-continente-4952137.html,congelados,2024-11-25,Continente
Veggie Bowls de Couscous e Edamame,7090521,2.99,"€8,54/kg",Iglo Green Cuisine,Congelados/Frutas e Legumes/Misturas de Legumes,https://www.continente.pt/dw/image/v2/BDVS_PRD/on/demandware.static/-/Sites-col-master-catalog/default/dwfe6ae17b/images/col/709/7090521-frente.jpg?sw=280&sh=280,emb. 350 gr,https://www.continente.pt/produto/veggie-bowls-de-couscous-e-edamame-iglo-green-cuisine-7090521.html,congelados,2024-11-25,Continente
Favas,5494869,2.99,"€4,27/kg",Iglo,Congelados/Frutas e Legumes/Legumes,https://www.continente.pt/dw/image/v2/BDVS_PRD/on/demandware.static/-/Sites-col-master-catalog/default/dw9f428b2e/images/col/549/5494869-frente.jpg?sw=280&sh=280,emb. 700 gr,https://www.continente.pt/produto/favas-iglo-5494869.html,congelados,2024-11-25,Continente
Pizza de Atum,7252642,2.19,"€6,26/kg",Continente,Congelados/Pizzas,https://www.continente.pt/dw/image/v2/BDVS_PRD/on/demandware.static/-/Sites-col-master-catalog/default/dwb3a29e65/images/col/725/7252642-frente.jpg?sw=280&sh=280,emb. 350 gr,https://www.continente.pt/produto/pizza-de-atum-continente-7252642.html,congelados,2024-11-25,Continente
Choco Limpo Ultracongelado,3634498,6.99,"€11,65/kg",Continente,"Frescos/Peixaria/Polvo, Lulas e Chocos/Congelado",https://www.continente.pt/dw/image/v2/BDVS_PRD/on/demandware.static/-/Sites-col-master-catalog/default/dwd9ca147a/images/col/363/3634498-cima.jpg?sw=280&sh=280,emb. 600 gr,https://www.continente.pt/produto/choco-limpo-ultracongelado-continente-3634498.html,congelados,2024-11-25,Continente
Lombos de Salmão MSC Ultracongelado,4643562,9.99,"€39,96/kg",Iglo,"Frescos/Peixaria/Filetes, Lombos e Postas/Congelado",https://www.continente.pt/dw/image/v2/BDVS_PRD/on/demandware.static/-/Sites-col-master-catalog/default/dw55af7188/images/col/464/4643562-frente.jpg?sw=280&sh=280,2 un x 125 gr (250 gr),https://www.continente.pt/produto/lombos-de-salmao-msc-ultracongelado-iglo-4643562.html,congelados,2024-11-25,Continente
Mini Pizzas de Salame,5779979,3.8,"€14,07/kg",Buitoni Piccolinis,Congelados/Pizzas,https://www.continente.pt/dw/image/v2/BDVS_PRD/on/demandware.static/-/Sites-col-master-catalog/default/dw009b2060/images/col/577/5779979-hero.jpg?sw=280&sh=280,emb. 270 gr (9 un),https://www.continente.pt/produto/mini-pizzas-de-salame-buitoni-piccolinis-5779979.html,congelados,2024-11-25,Continente
Edamame Descascado,7835426,1.99,"€4,98/kg",Continente,Congelados/Frutas e Legumes/Legumes,https://www.continente.pt/dw/image/v2/BDVS_PRD/on/demandware.static/-/Sites-col-master-catalog/default/dwe340a2af/images/col/783/7835426-cima.jpg?sw=280&sh=280,emb. 400 gr,https://www.continente.pt/produto/edamame-descascado-continente-7835426.html,congelados,2024-11-25,Continente
Nuggets de Frango,7156595,3.99,"€6,65/kg",Continente,Congelados/Nuggets e Crocantes,https://www.continente.pt/dw/image/v2/BDVS_PRD/on/demandware.static/-/Sites-col-master-catalog/default/dw94e029cf/images/col/715/7156595-hero.jpg?sw=280&sh=280,emb. 600 gr (30 un),https://www.continente.pt/produto/nuggets-de-frango-continente-7156595.html,congelados,2024-11-25,Continente
Crocante de Frango Cordon Bleu,8017143,5.34,"€26,70/kg",Iglo,Congelados/Nuggets e Crocantes,https://www.continente.pt/dw/image/v2/BDVS_PRD/on/demandware.static/-/Sites-col-master-catalog/default/dwbed4f0d5/images/col/801/8017143-cima-direito.jpg?sw=280&sh=280,emb. 200 gr (2 un),https://www.continente.pt/produto/crocante-de-frango-cordon-bleu-iglo-8017143.html,congelados,2024-11-25,Continente
Gelado Café,8025801,5.79,"€12,59/lt",Häagen-Dazs,Congelados/Gelados/Gelados Americanos,https://www.continente.pt/dw/image/v2/BDVS_PRD/on/demandware.static/-/Sites-col-master-catalog/default/dw387cf29a/images/col/802/8025801-frente.jpg?sw=280&sh=280,emb. 460 ml,https://www.continente.pt/produto/gelado-cafe-haagen-dazs-8025801.html,congelados,2024-11-25,Continente
Douradinhos de Peixe,7949171,7.99,"€5,33/kg",Continente,Congelados/Douradinhos e Filetes,https://www.continente.pt/dw/image/v2/BDVS_PRD/on/demandware.static/-/Sites-col-master-catalog/default/dw48722279/images/col/794/7949171-frente.jpg?sw=280&sh=280,"emb. 1,5 kg",https://www.continente.pt/produto/douradinhos-de-peixe-continente-7949171.html,congelados,2024-11-25,Continente
Favas,5520179,1.99,"€1,99/kg",Continente,Congelados/Frutas e Legumes/Legumes,https://www.continente.pt/dw/image/v2/BDVS_PRD/on/demandware.static/-/Sites-col-master-catalog/default/dw1217a5b4/images/col/552/5520179-frente.jpg?sw=280&sh=280,emb. 1 kg,https://www.continente.pt/produto/favas-continente-5520179.html,congelados,2024-11-25,Continente
Pizza Mozzarella,7334025,2.19,"€6,17/kg",Continente,Congelados/Pizzas,https://www.continente.pt/dw/image/v2/BDVS_PRD/on/demandware.static/-/Sites-col-master-catalog/default/dw6ef89d93/images/col/733/7334025-frente.jpg?sw=280&sh=280,emb. 335 gr,https://www.continente.pt/produto/pizza-mozzarella-continente-7334025.html,congelados,2024-11-25,Continente
Puré de Batata,3700127,3.49,"€4,65/kg",McCain,Congelados/Batata Frita e Puré,https://www.continente.pt/dw/image/v2/BDVS_PRD/on/demandware.static/-/Sites-col-master-catalog/default/dw4a0ab98e/images/col/370/3700127-frente.jpg?sw=280&sh=280,emb. 750 gr,https://www.continente.pt/produto/pure-de-batata-mccain-3700127.html,congelados,2024-11-25,Continente
Veggie Fingers,4310318,1.99,"€7,01/kg",Iglo Green Cuisine,Congelados/Vegetariano e Vegan/Nuggets e Panados,https://www.continente.pt/dw/image/v2/BDVS_PRD/on/demandware.static/-/Sites-col-master-catalog/default/dw157200af/images/col/431/4310318-frente.jpg?sw=280&sh=280,emb. 284 gr (10 un),https://www.continente.pt/produto/veggie-fingers-iglo-green-cuisine-4310318.html,congelados,2024-11-25,Continente
Pizza Ristorante de Cogumelos,4075240,3.69,"€10,11/kg",Ristorante,Congelados/Pizzas,https://www.continente.pt/dw/image/v2/BDVS_PRD/on/demandware.static/-/Sites-col-master-catalog/default/dw20bbf122/images/col/407/4075240-direito.png?sw=280&sh=280,emb. 380 gr,https://www.continente.pt/produto/pizza-ristorante-de-cogumelos-ristorante-4075240.html,congelados,2024-11-25,Continente
Osso Buco de Vitela Branca Congelado,7412680,9.99,"€6,79/un",Continente,"Frescos/Talho/Novilho, Vitela e Vitelão",https://www.continente.pt/dw/image/v2/BDVS_PRD/on/demandware.static/-/Sites-col-master-catalog/default/dw30f45d1a/images/col/741/7412680-frente.jpg?sw=280&sh=280,emb. 680 gr (aprox.),https://www.continente.pt/produto/osso-buco-de-vitela-branca-congelado-continente-7412680.html,congelados,2024-11-25,Continente
Mini Pizzas de Três Queijos,3052233,3.8,"€14,07/kg",Buitoni Piccolinis,Congelados/Pizzas,https://www.continente.pt/dw/image/v2/BDVS_PRD/on/demandware.static/-/Sites-col-master-catalog/default/dw9e8718b0/images/col/305/3052233-hero.jpg?sw=280&sh=280,emb. 270 gr (9 un),https://www.continente.pt/produto/mini-pizzas-de-tres-queijos-buitoni-piccolinis-3052233.html,congelados,2024-11-25,Continente
Gelado Romântica,7141073,7.49,"€9,99/lt",Carte DOr,Congelados/Gelados/Tartes Geladas e Viennettas,https://www.continente.pt/dw/image/v2/BDVS_PRD/on/demandware.static/-/Sites-col-master-catalog/default/dwa495ca32/images/col/714/7141073-hero.jpg?sw=280&sh=280,emb. 750 ml,https://www.continente.pt/produto/gelado-romantica-carte-dor-7141073.html,congelados,2024-11-25,Continente
Gelado Cookies & Cream,6787649,5.79,"€12,59/lt",Häagen-Dazs,Congelados/Gelados/Gelados Americanos,https://www.continente.pt/dw/image/v2/BDVS_PRD/on/demandware.static/-/Sites-col-master-catalog/default/dwb047a574/images/col/678/6787649-hero.jpg?sw=280&sh=280,emb. 460 ml,https://www.continente.pt/produto/gelado-cookies-cream-haagen-dazs-6787649.html,congelados,2024-11-25,Continente
Pizza Marguerita,7400532,3.99,"€10,93/kg",Casa di Mama,Congelados/Pizzas,https://www.continente.pt/dw/image/v2/BDVS_PRD/on/demandware.static/-/Sites-col-master-catalog/default/dw4e30918a/images/col/740/7400532-direito.png?sw=280&sh=280,emb. 365 gr,https://www.continente.pt/produto/pizza-marguerita-casa-di-mama-7400532.html,congelados,2024-11-25,Continente
Filetes Primavera Original sem Glúten,6601781,2.99,"€11,96/kg",Iglo,Congelados/Douradinhos e Filetes,https://www.continente.pt/dw/image/v2/BDVS_PRD/on/demandware.static/-/Sites-col-master-catalog/default/dwe8af3820/images/col/660/6601781-direito.jpg?sw=280&sh=280,emb. 250 gr (2 un),https://www.continente.pt/produto/filetes-primavera-original-sem-gluten-iglo-6601781.html,congelados,2024-11-25,Continente
Carne Kebab Frango,8020441,3.0,"€10,00/kg",Continente,Congelados/Hambúrgueres e Almôndegas,https://www.continente.pt/dw/image/v2/BDVS_PRD/on/demandware.static/-/Sites-col-master-catalog/default/dw212ecc4a/images/col/802/8020441-frente.jpg?sw=280&sh=280,emb. 300 gr,https://www.continente.pt/produto/carne-kebab-frango-continente-8020441.html,congelados,2024-11-25,Continente
Choco Limpo Ultracongelado,4277919,7.19,"€14,38/kg",Pescanova,"Frescos/Peixaria/Polvo, Lulas e Chocos/Congelado",https://www.continente.pt/dw/image/v2/BDVS_PRD/on/demandware.static/-/Sites-col-master-catalog/default/dw9591265b/images/col/427/4277919-frente.jpg?sw=280&sh=280,emb. 500 gr,https://www.continente.pt/produto/choco-limpo-ultracongelado-pescanova-4277919.html,congelados,2024-11-25,Continente
Mini Hambúrgueres de Batata Doce e Quinoa,7207957,3.99,"€14,78/kg",Iglo Green Cuisine,Congelados/Hambúrgueres e Almôndegas,https://www.continente.pt/dw/image/v2/BDVS_PRD/on/demandware.static/-/Sites-col-master-catalog/default/dw67eb628a/images/col/720/7207957-frente.jpg?sw=280&sh=280,emb. 270 gr (6 un),https://www.continente.pt/produto/mini-hamburgueres-de-batata-doce-e-quinoa-iglo-green-cuisine-7207957.html,congelados,2024-11-25,Continente
Pizza Pancetta Delicata,7541595,5.89,"€15,10/kg",Tradizionale,Congelados/Pizzas,https://www.continente.pt/dw/image/v2/BDVS_PRD/on/demandware.static/-/Sites-col-master-catalog/default/dw9c9a131b/images/col/754/7541595-direito.png?sw=280&sh=280,emb. 390 gr,https://www.continente.pt/produto/pizza-pancetta-delicata-tradizionale-7541595.html,congelados,2024-11-25,Continente
Pescada Média do Cabo MSC para Fritar Ultracongelada,4741916,2.49,"€6,23/kg",Continente,"Frescos/Peixaria/Filetes, Lombos e Postas/Congelado",https://www.continente.pt/dw/image/v2/BDVS_PRD/on/demandware.static/-/Sites-col-master-catalog/default/dwc0dfa1e2/images/col/474/4741916-frente.jpg?sw=280&sh=280,emb. 400 gr,https://www.continente.pt/produto/pescada-media-do-cabo-msc-para-fritar-ultracongelada-continente-4741916.html,congelados,2024-11-25,Continente
Gelado Mini Double Caramelo e Gold Caramelo Billionaire,7754866,3.99,"€12,09/lt",Magnum,Congelados/Gelados/Gelados de Pauzinho,https://www.continente.pt/dw/image/v2/BDVS_PRD/on/demandware.static/-/Sites-col-master-catalog/default/dwaa5e9133/images/col/775/7754866-hero.jpg?sw=280&sh=280,emb. 330 ml (6 un),https://www.continente.pt/produto/gelado-mini-double-caramelo-e-gold-caramelo-billionaire-magnum-7754866.html,congelados,2024-11-25,Continente
Moelas de Frango Congeladas,2430285,1.99,"€1,99/un",Perdix,Frescos/Talho/Frango e Peru,https://www.continente.pt/dw/image/v2/BDVS_PRD/on/demandware.static/-/Sites-col-master-catalog/default/dw2cd7e3cc/images/col/243/2430285-frente.jpg?sw=280&sh=280,emb. 1 kg,https://www.continente.pt/produto/moelas-de-frango-congeladas-perdix-2430285.html,congelados,2024-11-25,Continente
Batata Noisette,6550022,4.99,"€4,99/kg",McCain,Congelados/Batata Frita e Puré,https://www.continente.pt/dw/image/v2/BDVS_PRD/on/demandware.static/-/Sites-col-master-catalog/default/dwb6e3cd48/images/col/655/6550022-frente.png?sw=280&sh=280,emb. 1 kg,https://www.continente.pt/produto/batata-noisette-mccain-6550022.html,congelados,2024-11-25,Continente
Pizza Forno Di Pietra Caprese,6771145,4.86,"€13,89/kg",Buitoni Forno di Pietra,Congelados/Pizzas,https://www.continente.pt/dw/image/v2/BDVS_PRD/on/demandware.static/-/Sites-col-master-catalog/default/dw664547cb/images/col/677/6771145-frente.png?sw=280&sh=280,emb. 350 gr,https://www.continente.pt/produto/pizza-forno-di-pietra-caprese-buitoni-forno-di-pietra-6771145.html,congelados,2024-11-25,Continente
Pizza Forno Di Pietra Fiambre e Cogumelos,6771158,4.86,"€14,29/kg",Buitoni Forno di Pietra,Congelados/Pizzas,https://www.continente.pt/dw/image/v2/BDVS_PRD/on/demandware.static/-/Sites-col-master-catalog/default/dwa026b15e/images/col/677/6771158-frente.png?sw=280&sh=280,emb. 340 gr,https://www.continente.pt/produto/pizza-forno-di-pietra-fiambre-e-cogumelos-buitoni-forno-di-pietra-6771158.html,congelados,2024-11-25,Continente
Crispy Hambúrgueres de Proteína Vegetal,7442169,3.99,"€19,95/kg",Iglo Green Cuisine,Congelados/Hambúrgueres e Almôndegas,https://www.continente.pt/dw/image/v2/BDVS_PRD/on/demandware.static/-/Sites-col-master-catalog/default/dweafef7f5/images/col/744/7442169-frente.jpg?sw=280&sh=280,emb. 200 gr (2 un),https://www.continente.pt/produto/crispy-hamburgueres-de-proteina-vegetal-iglo-green-cuisine-7442169.html,congelados,2024-11-25,Continente
Gelado Red Berries,7141067,4.99,"€18,48/lt",Solero,Congelados/Gelados/Gelados de Pauzinho,https://www.continente.pt/dw/image/v2/BDVS_PRD/on/demandware.static/-/Sites-col-master-catalog/default/dw141ae03d/images/col/714/7141067-hero.jpg?sw=280&sh=280,emb. 270 ml (3 un),https://www.continente.pt/produto/gelado-red-berries-solero-7141067.html,congelados,2024-11-25,Continente
Gelado Baunilha,6949002,2.59,"€2,59/lt",Continente,Congelados/Gelados/Gelados Familiares,https://www.continente.pt/dw/image/v2/BDVS_PRD/on/demandware.static/-/Sites-col-master-catalog/default/dw1ab4706e/images/col/694/6949002-hero.jpg?sw=280&sh=280,emb. 1 lt,https://www.continente.pt/produto/gelado-baunilha-continente-6949002.html,congelados,2024-11-25,Continente
Açaí Orgânico com Guaraná e Stevia,8041144,6.35,"€13,23/lt",Native Açaí,Congelados/Frutas e Legumes/Frutas,https://www.continente.pt/dw/image/v2/BDVS_PRD/on/demandware.static/-/Sites-col-master-catalog/default/dwffeefb90/images/col/804/8041144-cima.png?sw=280&sh=280,emb. 480 ml,https://www.continente.pt/produto/acai-organico-com-guarana-e-stevia-native-acai-8041144.html,congelados,2024-11-25,Continente
Riced Veggies Tricolor,6772819,2.18,"€4,36/kg",Continente,Congelados/Frutas e Legumes/Misturas de Legumes,https://www.continente.pt/dw/image/v2/BDVS_PRD/on/demandware.static/-/Sites-col-master-catalog/default/dwc09d54c8/images/col/677/6772819-hero.jpg?sw=280&sh=280,emb. 500 gr,https://www.continente.pt/produto/riced-veggies-tricolor-continente-6772819.html,congelados,2024-11-25,Continente
Hambúrguer de Frango,7222253,3.99,"€9,50/kg",Continente,Congelados/Hambúrgueres e Almôndegas,https://www.continente.pt/dw/image/v2/BDVS_PRD/on/demandware.static/-/Sites-col-master-catalog/default/dw447fa3a9/images/col/722/7222253-hero.jpg?sw=280&sh=280,emb. 420 gr (6 un),https://www.continente.pt/produto/hamburguer-de-frango-continente-7222253.html,congelados,2024-11-25,Continente
Gelado Chocolate com Suspiro,7725514,2.34,"€5,20/lt",Continente Seleção,Congelados/Gelados/Gelados Americanos,https://www.continente.pt/dw/image/v2/BDVS_PRD/on/demandware.static/-/Sites-col-master-catalog/default/dw0a22910b/images/col/772/7725514-frente.jpg?sw=280&sh=280,emb. 450 ml,https://www.continente.pt/produto/gelado-chocolate-com-suspiro-continente-selecao-7725514.html,congelados,2024-11-25,Continente
Tiras de Pota Congeladas,4274548,4.19,"€5,99/kg",,"Frescos/Peixaria/Polvo, Lulas e Chocos/Congelado",https://www.continente.pt/dw/image/v2/BDVS_PRD/on/demandware.static/-/Sites-col-master-catalog/default/dw36ab9a6f/images/col/427/4274548-frente.jpg?sw=280&sh=280,emb. 700 gr,https://www.continente.pt/produto/tiras-de-pota-congeladas-4274548.html,congelados,2024-11-25,Continente
Gelado Chocolate Clássico,7975652,6.14,"€13,95/lt",Magnum,Congelados/Gelados/Gelados Americanos,https://www.continente.pt/dw/image/v2/BDVS_PRD/on/demandware.static/-/Sites-col-master-catalog/default/dw84798504/images/col/797/7975652-frente.png?sw=280&sh=280,emb. 440 ml,https://www.continente.pt/produto/gelado-chocolate-classico-magnum-7975652.html,congelados,2024-11-25,Continente
Gelado Chocolate Clássico,8083314,2.99,"€9,97/lt",Magnum,Congelados/Gelados/Gelados de Pauzinho,https://www.continente.pt/dw/image/v2/BDVS_PRD/on/demandware.static/-/Sites-col-master-catalog/default/dw6efc090d/images/col/808/8083314-frente.jpg?sw=280&sh=280,emb. 300 ml (3 un),https://www.continente.pt/produto/gelado-chocolate-classico-magnum-8083314.html,congelados,2024-11-25,Continente
Barrinhas de Pescada sem Glúten,8069977,7.49,"€6,24/kg",Pescanova,Congelados,https://www.continente.pt/dw/image/v2/BDVS_PRD/on/demandware.static/-/Sites-col-master-catalog/default/dw30233657/images/col/806/8069977-frente.png?sw=280&sh=280,"emb. 1,2 kg (38 a 42 un)",https://www.continente.pt/produto/barrinhas-de-pescada-sem-gluten-pescanova-8069977.html,congelados,2024-11-25,Continente
Gratinado De Peixe Limão e Ervas sem Glúten,6916887,4.99,"€13,13/kg",Iglo,Congelados/Refeições Prontas,https://www.continente.pt/dw/image/v2/BDVS_PRD/on/demandware.static/-/Sites-col-master-catalog/default/dw1dfa0249/images/col/691/6916887-direito.jpg?sw=280&sh=280,emb. 380 gr (2 un),https://www.continente.pt/produto/gratinado-de-peixe-limao-e-ervas-sem-gluten-iglo-6916887.html,congelados,2024-11-25,Continente
Douradinhos de Peixe sem Glúten,7475461,7.14,"€19,83/kg",Capitão Iglo,Congelados/Douradinhos e Filetes,https://www.continente.pt/dw/image/v2/BDVS_PRD/on/demandware.static/-/Sites-col-master-catalog/default/dw4daefd3d/images/col/747/7475461-direito.jpg?sw=280&sh=280,emb. 360 gr (12 un),https://www.continente.pt/produto/douradinhos-de-peixe-sem-gluten-capitao-iglo-7475461.html,congelados,2024-11-25,Continente
Miolo de Amêijoa Dourada Ultracongelada,7146449,2.99,"€11,96/kg",Continente,Frescos/Peixaria/Marisco/Congelado,https://www.continente.pt/dw/image/v2/BDVS_PRD/on/demandware.static/-/Sites-col-master-catalog/default/dw89f2fde4/images/col/714/7146449-cima.jpg?sw=280&sh=280,emb. 250 gr,https://www.continente.pt/produto/miolo-de-ameijoa-dourada-ultracongelada-continente-7146449.html,congelados,2024-11-25,Continente
Panado Vegan de Proteína Vegetal,7619441,5.49,"€20,33/kg",Garden Gourmet,Congelados/Vegetariano e Vegan/Nuggets e Panados,https://www.continente.pt/dw/image/v2/BDVS_PRD/on/demandware.static/-/Sites-col-master-catalog/default/dw01946928/images/col/761/7619441-frente.jpg?sw=280&sh=280,emb. 270 gr (3 un),https://www.continente.pt/produto/panado-vegan-de-proteina-vegetal-garden-gourmet-7619441.html,congelados,2024-11-25,Continente
Rabos de Pescada MSC Ultracongelada Pack Poupança,7384638,5.99,"€3,99/kg",Continente,Frescos/Peixaria/Peixe Congelado,https://www.continente.pt/dw/image/v2/BDVS_PRD/on/demandware.static/-/Sites-col-master-catalog/default/dw85359a91/images/col/738/7384638-frente.jpg?sw=280&sh=280,"emb. 1,5 kg",https://www.continente.pt/produto/rabos-de-pescada-msc-ultracongelada-pack-poupanca-continente-7384638.html,congelados,2024-11-25,Continente
Filetes de Pescada sem Glúten,6089483,4.75,"€14,84/kg",Pescanova,Congelados/Douradinhos e Filetes,https://www.continente.pt/dw/image/v2/BDVS_PRD/on/demandware.static/-/Sites-col-master-catalog/default/dwd469fb16/images/col/608/6089483-direito.jpg?sw=280&sh=280,emb. 320 gr (4 un),https://www.continente.pt/produto/filetes-de-pescada-sem-gluten-pescanova-6089483.html,congelados,2024-11-25,Continente
Lulinhas Ultracongeladas,7573261,6.15,"€12,30/kg",Pescanova,"Frescos/Peixaria/Polvo, Lulas e Chocos/Congelado",https://www.continente.pt/dw/image/v2/BDVS_PRD/on/demandware.static/-/Sites-col-master-catalog/default/dwd5a7b083/images/col/757/7573261-frente.jpg?sw=280&sh=280,emb. 500 gr,https://www.continente.pt/produto/lulinhas-ultracongeladas-pescanova-7573261.html,congelados,2024-11-25,Continente
Pizza Rústica Double Pepperoni Chedar e Mozzarella,7052750,6.99,"€12,37/kg",Rústica,Congelados/Pizzas,https://www.continente.pt/dw/image/v2/BDVS_PRD/on/demandware.static/-/Sites-col-master-catalog/default/dw54d6ff69/images/col/705/7052750-direito.png?sw=280&sh=280,emb. 565 gr,https://www.continente.pt/produto/pizza-rustica-double-pepperoni-chedar-e-mozzarella-rustica-7052750.html,congelados,2024-11-25,Continente
Tranches de Salmão Ultracongelado,7545914,9.99,"€22,20/kg",Silvérios,"Frescos/Peixaria/Filetes, Lombos e Postas/Congelado",https://www.continente.pt/dw/image/v2/BDVS_PRD/on/demandware.static/-/Sites-col-master-catalog/default/dw1f15e45a/images/col/754/7545914-frente.jpg?sw=280&sh=280,3 un x 150 gr (450 gr),https://www.continente.pt/produto/tranches-de-salmao-ultracongelado-silverios-7545914.html,congelados,2024-11-25,Continente
Gelado Tiramisu,7781536,2.79,"€2,94/lt",Continente,Congelados/Gelados/Gelados Familiares,https://www.continente.pt/dw/image/v2/BDVS_PRD/on/demandware.static/-/Sites-col-master-catalog/default/dw1cbf521c/images/col/778/7781536-frente.jpg?sw=280&sh=280,emb. 950 ml,https://www.continente.pt/produto/gelado-tiramisu-continente-7781536.html,congelados,2024-11-25,Continente
Gelado Lemon Freezy,8020302,2.29,"€0,38/un",Continente,Congelados/Gelados/Gelados Infantis,https://www.continente.pt/dw/image/v2/BDVS_PRD/on/demandware.static/-/Sites-col-master-catalog/default/dwcae6810c/images/col/802/8020302-frente.jpg?sw=280&sh=280,emb. 6 un,https://www.continente.pt/produto/gelado-lemon-freezy-continente-8020302.html,congelados,2024-11-25,Continente
Camarão de Moçambique 32/48 Ultracongelado,4597014,17.99,"€22,49/kg",Pescanova,Frescos/Peixaria/Marisco/Congelado,https://www.continente.pt/dw/image/v2/BDVS_PRD/on/demandware.static/-/Sites-col-master-catalog/default/dw0b64c95b/images/col/459/4597014-frente.jpg?sw=280&sh=280,emb. 800 gr,https://www.continente.pt/produto/camarao-de-mocambique-32-48-ultracongelado-pescanova-4597014.html,congelados,2024-11-25,Continente
Gelado Menta e Chocolate,7756095,2.39,"€4,43/kg",Continente,Congelados/Gelados/Gelados Familiares,https://www.continente.pt/dw/image/v2/BDVS_PRD/on/demandware.static/-/Sites-col-master-catalog/default/dw3df4d044/images/col/775/7756095-frente.jpg?sw=280&sh=280,emb. 1 lt,https://www.continente.pt/produto/gelado-menta-e-chocolate-continente-7756095.html,congelados,2024-11-25,Continente
Bacalhau Desfiado 12 Meses de Cura MSC Congelado,7481164,6.99,"€17,47/kg",Riberalves,Frescos/Peixaria/Bacalhau/Congelado,https://www.continente.pt/dw/image/v2/BDVS_PRD/on/demandware.static/-/Sites-col-master-catalog/default/dw8c8af39c/images/col/748/7481164-cima.jpg?sw=280&sh=280,emb. 400 gr,https://www.continente.pt/produto/bacalhau-desfiado-12-meses-de-cura-msc-congelado-riberalves-7481164.html,congelados,2024-11-25,Continente
Pizza Salame Romano,7541594,5.89,"€15,30/kg",Tradizionale,Congelados/Pizzas,https://www.continente.pt/dw/image/v2/BDVS_PRD/on/demandware.static/-/Sites-col-master-catalog/default/dwcd4a2d41/images/col/754/7541594-direito.jpg?sw=280&sh=280,emb. 385 gr,https://www.continente.pt/produto/pizza-salame-romano-tradizionale-7541594.html,congelados,2024-11-25,Continente
Camarão Tigre Gigante Congelado,3911289,44.99,"€10,80/un",,Frescos/Peixaria/Marisco/Congelado,https://www.continente.pt/dw/image/v2/BDVS_PRD/on/demandware.static/-/Sites-col-master-catalog/default/dw47c92034/images/col/391/3911289-cima.jpg?sw=280&sh=280,Quant. Mínima = 480 gr (2 un),https://www.continente.pt/produto/camarao-tigre-gigante-congelado-3911289.html,congelados,2024-11-25,Continente
"Gelado Magnífico Chocolate Branco, Arroz Tufado e Morango",7408344,2.79,"€3,88/lt",Continente,Congelados/Gelados/Gelados de Pauzinho,https://www.continente.pt/dw/image/v2/BDVS_PRD/on/demandware.static/-/Sites-col-master-catalog/default/dw59c1b978/images/col/740/7408344-frente.jpg?sw=280&sh=280,emb. 720 ml (6 un),https://www.continente.pt/produto/gelado-magnifico-chocolate-branco-arroz-tufado-e-morango-continente-7408344.html,congelados,2024-11-25,Continente
Tarte Gelada Baunilha,2211953,3.99,"€6,14/lt",Viennetta,Congelados/Gelados/Tartes Geladas e Viennettas,https://www.continente.pt/dw/image/v2/BDVS_PRD/on/demandware.static/-/Sites-col-master-catalog/default/dw1e57ba5d/images/col/221/2211953-hero.jpg?sw=280&sh=280,emb. 650 ml,https://www.continente.pt/produto/tarte-gelada-baunilha-viennetta-2211953.html,congelados,2024-11-25,Continente
Gelado Mini Amêndoa Remix,7521725,3.99,"€12,09/lt",Magnum,Congelados/Gelados/Gelados de Pauzinho,https://www.continente.pt/dw/image/v2/BDVS_PRD/on/demandware.static/-/Sites-col-master-catalog/default/dwdf0d5926/images/col/752/7521725-hero.jpg?sw=280&sh=280,emb. 330 ml (6 un),https://www.continente.pt/produto/gelado-mini-amendoa-remix-magnum-7521725.html,congelados,2024-11-25,Continente
Gelado Manga e Framboesa,6787631,5.79,"€12,59/lt",Häagen-Dazs,Congelados/Gelados/Gelados Americanos,https://www.continente.pt/dw/image/v2/BDVS_PRD/on/demandware.static/-/Sites-col-master-catalog/default/dw6e1c4fe5/images/col/678/6787631-frente.jpg?sw=280&sh=280,emb. 460 ml,https://www.continente.pt/produto/gelado-manga-e-framboesa-haagen-dazs-6787631.html,congelados,2024-11-25,Continente
Medalhões de Pescada do Cabo Ultracongelada,7630225,12.59,"€11,45/kg",Iglo,"Frescos/Peixaria/Filetes, Lombos e Postas/Congelado",https://www.continente.pt/dw/image/v2/BDVS_PRD/on/demandware.static/-/Sites-col-master-catalog/default/dwb5ed5aba/images/col/763/7630225-frente.jpg?sw=280&sh=280,"10 un x 110 gr (1,1 kg)",https://www.continente.pt/produto/medalhoes-de-pescada-do-cabo-ultracongelada-iglo-7630225.html,congelados,2024-11-25,Continente
Gelado Baunilha e Nozes Pecan,7411090,2.79,"€2,94/lt",Continente,Congelados/Gelados/Gelados Familiares,https://www.continente.pt/dw/image/v2/BDVS_PRD/on/demandware.static/-/Sites-col-master-catalog/default/dwe6ba6c70/images/col/741/7411090-frente.jpg?sw=280&sh=280,emb. 950 ml,https://www.continente.pt/produto/gelado-baunilha-e-nozes-pecan-continente-7411090.html,congelados,2024-11-25,Continente
Plumas Porco Preto Congeladas,7211005,12.99,"€10,00/un",Miguel & Miguel,Frescos/Talho/Porco,https://www.continente.pt/dw/image/v2/BDVS_PRD/on/demandware.static/-/Sites-col-master-catalog/default/dwdb09e889/images/col/721/7211005-frente.jpg?sw=280&sh=280,emb. 770 gr (aprox.),https://www.continente.pt/produto/plumas-porco-preto-congeladas-miguel-miguel-7211005.html,congelados,2024-11-25,Continente
Preparado para Mariscada Congelado Pack Poupança,7853490,7.41,"€8,23/un",Continente,Frescos/Peixaria/Marisco/Congelado,https://www.continente.pt/dw/image/v2/BDVS_PRD/on/demandware.static/-/Sites-col-master-catalog/default/dw36a06952/images/col/785/7853490-topshot.jpg?sw=280&sh=280,emb. 900 gr,https://www.continente.pt/produto/preparado-para-mariscada-congelado-pack-poupanca-continente-7853490.html,congelados,2024-11-25,Continente
Gelados Coco Metades sem Glúten,8020303,2.69,"€1,35/un",Continente,Congelados/Gelados/Mini Bites e Sandwich,https://www.continente.pt/dw/image/v2/BDVS_PRD/on/demandware.static/-/Sites-col-master-catalog/default/dwdb3b2a06/images/col/802/8020303-frente.png?sw=280&sh=280,emb. 2 un,https://www.continente.pt/produto/gelados-coco-metades-sem-gluten-continente-8020303.html,congelados,2024-11-25,Continente
Lula da Patagónia Cortada Congelada,7466998,6.99,"€17,48/kg",Continente,"Frescos/Peixaria/Polvo, Lulas e Chocos/Congelado",https://www.continente.pt/dw/image/v2/BDVS_PRD/on/demandware.static/-/Sites-col-master-catalog/default/dwbbefd5c1/images/col/746/7466998-frente.jpg?sw=280&sh=280,emb. 400 gr,https://www.continente.pt/produto/lula-da-patagonia-cortada-congelada-continente-7466998.html,congelados,2024-11-25,Continente
Douradinhos de Peixe e Ervilhas Primavera,7917962,7.8,"€8,48/kg",Iglo,Congelados/Douradinhos e Filetes,https://www.continente.pt/dw/image/v2/BDVS_PRD/on/demandware.static/-/Sites-col-master-catalog/default/dw3ac4cba3/images/col/791/7917962-frente.jpg?sw=280&sh=280,emb. 450 gr (15 un) + 500 gr,https://www.continente.pt/produto/douradinhos-de-peixe-e-ervilhas-primavera-iglo-7917962.html,congelados,2024-11-25,Continente
Gelado Chocolate,7987798,4.99,"€22,68/lt",Kinder,Congelados/Gelados/Gelados Infantis,https://www.continente.pt/dw/image/v2/BDVS_PRD/on/demandware.static/-/Sites-col-master-catalog/default/dw374f4acb/images/col/798/7987798-frente.jpg?sw=280&sh=280,emb. 220 ml (4 un),https://www.continente.pt/produto/gelado-chocolate-kinder-7987798.html,congelados,2024-11-25,Continente
Gelado Cheesecake de Frutos Vermelhos Vegan Sem Lactose,7411098,3.29,"€6,58/lt",Oh My Moo,Congelados/Gelados/Gelados Americanos,https://www.continente.pt/dw/image/v2/BDVS_PRD/on/demandware.static/-/Sites-col-master-catalog/default/dwa8282f25/images/col/741/7411098-frente.jpg?sw=280&sh=280,emb. 500 ml,https://www.continente.pt/produto/gelado-cheesecake-de-frutos-vermelhos-vegan-sem-lactose-oh-my-moo-7411098.html,congelados,2024-11-25,Continente
Mini Hambúrgueres de Vegetais,7808386,4.99,"€10,99/kg",Iglo Green Cuisine,Congelados/Hambúrgueres e Almôndegas,https://www.continente.pt/dw/image/v2/BDVS_PRD/on/demandware.static/-/Sites-col-master-catalog/default/dwac4a58cf/images/col/780/7808386-cima-direito.jpg?sw=280&sh=280,emb. 454 gr (4 un),https://www.continente.pt/produto/mini-hamburgueres-de-vegetais-iglo-green-cuisine-7808386.html,congelados,2024-11-25,Continente
Tarte Gelada Cappuccino,6219096,2.35,"€2,35/lt",Continente,Congelados/Gelados/Tartes Geladas e Viennettas,https://www.continente.pt/dw/image/v2/BDVS_PRD/on/demandware.static/-/Sites-col-master-catalog/default/dwfff18097/images/col/621/6219096-frente.png?sw=280&sh=280,emb. 1 lt,https://www.continente.pt/produto/tarte-gelada-cappuccino-continente-6219096.html,congelados,2024-11-25,Continente
Tentáculos de Pota Ultracongelados,7325335,4.79,"€5,99/un",BeiraNova,"Frescos/Peixaria/Polvo, Lulas e Chocos/Congelado",https://www.continente.pt/dw/image/v2/BDVS_PRD/on/demandware.static/-/Sites-col-master-catalog/default/dwc0951167/images/col/732/7325335-frente.jpg?sw=280&sh=280,emb. 800 gr,https://www.continente.pt/produto/tentaculos-de-pota-ultracongelados-beiranova-7325335.html,congelados,2024-11-25,Continente
Mistura de Frutas e Açaí com Sementes de Linhaça,7643282,3.59,"€7,98/kg",Continente Equilíbrio,Congelados/Frutas e Legumes/Frutas,https://www.continente.pt/dw/image/v2/BDVS_PRD/on/demandware.static/-/Sites-col-master-catalog/default/dwc6bf2a03/images/col/764/7643282-frente.jpg?sw=280&sh=280,emb. 450 gr,https://www.continente.pt/produto/mistura-de-frutas-e-acai-com-sementes-de-linhaca-continente-equilibrio-7643282.html,congelados,2024-11-25,Continente
Lombos de Bacalhau 4 Meses de Cura MSC Congelado,7481162,6.34,"€26,42/kg",Riberalves,Frescos/Peixaria/Bacalhau/Congelado,https://www.continente.pt/dw/image/v2/BDVS_PRD/on/demandware.static/-/Sites-col-master-catalog/default/dw9eb45308/images/col/748/7481162-frente.jpg?sw=280&sh=280,emb. 240 gr (1 un),https://www.continente.pt/produto/lombos-de-bacalhau-4-meses-de-cura-msc-congelado-riberalves-7481162.html,congelados,2024-11-25,Continente
Gelado Mochi Maracujá e Manga Vegan,7893268,5.49,"€28,59/kg",Little Moons,Congelados/Gelados/Mini Bites e Sandwich,https://www.continente.pt/dw/image/v2/BDVS_PRD/on/demandware.static/-/Sites-col-master-catalog/default/dwf6e50872/images/col/789/7893268-frente.jpg?sw=280&sh=280,emb. 6 un,https://www.continente.pt/produto/gelado-mochi-maracuja-e-manga-vegan-little-moons-7893268.html,congelados,2024-11-25,Continente
Bacalhau com Natas,7991184,4.99,"€16,63/kg",Riberalves,Congelados/Refeições Prontas,https://www.continente.pt/dw/image/v2/BDVS_PRD/on/demandware.static/-/Sites-col-master-catalog/default/dwcc4c31c7/images/col/799/7991184-frente.png?sw=280&sh=280,emb. 300 gr,https://www.continente.pt/produto/bacalhau-com-natas-riberalves-7991184.html,congelados,2024-11-25,Continente
Filetes de Salmão Selvagem MSC Congelado,7735879,7.99,"€22,19/kg",Dimar,"Frescos/Peixaria/Filetes, Lombos e Postas/Congelado",https://www.continente.pt/dw/image/v2/BDVS_PRD/on/demandware.static/-/Sites-col-master-catalog/default/dw381f78f9/images/col/773/7735879-frente.jpg?sw=280&sh=280,emb. 360 gr,https://www.continente.pt/produto/filetes-de-salmao-selvagem-msc-congelado-dimar-7735879.html,congelados,2024-11-25,Continente
Gelado Mochi Caramelo,7736743,3.29,"€0,55/un",Continente,Congelados/Gelados/Mini Bites e Sandwich,https://www.continente.pt/dw/image/v2/BDVS_PRD/on/demandware.static/-/Sites-col-master-catalog/default/dw252f6348/images/col/773/7736743-frente.jpg?sw=280&sh=280,emb. 6 un,https://www.continente.pt/produto/gelado-mochi-caramelo-continente-7736743.html,congelados,2024-11-25,Continente
Gelado Magnífico Chocolate e Amêndoa Vegan,7584152,2.49,"€0,83/un",Continente,Congelados/Gelados/Gelados de Pauzinho,https://www.continente.pt/dw/image/v2/BDVS_PRD/on/demandware.static/-/Sites-col-master-catalog/default/dw688c0fc9/images/col/758/7584152-frente.jpg?sw=280&sh=280,emb. 3 un,https://www.continente.pt/produto/gelado-magnifico-chocolate-e-amendoa-vegan-continente-7584152.html,congelados,2024-11-25,Continente
Gelado Mini Double Starchaser,7724757,4.19,"€12,70/lt",Magnum,Congelados/Gelados/Gelados de Pauzinho,https://www.continente.pt/dw/image/v2/BDVS_PRD/on/demandware.static/-/Sites-col-master-catalog/default/dwef968215/images/col/772/7724757-hero.jpg?sw=280&sh=280,emb. 330 ml (6 un),https://www.continente.pt/produto/gelado-mini-double-starchaser-magnum-7724757.html,congelados,2024-11-25,Continente
Gelado Mini Magníficos Biscoito Speculoos,8020324,2.45,"€6,81/lt",Continente,Congelados/Gelados/Gelados de Pauzinho,https://www.continente.pt/dw/image/v2/BDVS_PRD/on/demandware.static/-/Sites-col-master-catalog/default/dwbe7d6a65/images/col/802/8020324-frente.jpg?sw=280&sh=280,emb. 6 un,https://www.continente.pt/produto/gelado-mini-magnificos-biscoito-speculoos-continente-8020324.html,congelados,2024-11-25,Continente
Pernas do Mar Panadas Pack Poupança,7888596,3.19,"€6,38/kg",Continente,"Congelados/Salgados, Folhados e Pastelaria/Salgados",https://www.continente.pt/dw/image/v2/BDVS_PRD/on/demandware.static/-/Sites-col-master-catalog/default/dw09ccff8d/images/col/788/7888596-frente.jpg?sw=280&sh=280,emb. 500 gr,https://www.continente.pt/produto/pernas-do-mar-panadas-pack-poupanca-continente-7888596.html,congelados,2024-11-25,Continente
Redondos de Pescada da Argentina Ultracongelados,7822657,3.89,"€7,78/kg",,"Frescos/Peixaria/Filetes, Lombos e Postas/Congelado",https://www.continente.pt/dw/image/v2/BDVS_PRD/on/demandware.static/-/Sites-col-master-catalog/default/dwbbbf248a/images/col/782/7822657-cima.jpg?sw=280&sh=280,emb. 500 gr,https://www.continente.pt/produto/redondos-de-pescada-da-argentina-ultracongelados-7822657.html,congelados,2024-11-25,Continente
Panado de Frango Powered By Plants,8020954,5.99,"€5,99/kg",Continente,Congelados/Vegetariano e Vegan/Nuggets e Panados,https://www.continente.pt/dw/image/v2/BDVS_PRD/on/demandware.static/-/Sites-col-master-catalog/default/dw671af871/images/col/802/8020954-frente.jpg?sw=280&sh=280,emb. 520 gr (4 un),https://www.continente.pt/produto/panado-de-frango-powered-by-plants-continente-8020954.html,congelados,2024-11-25,Continente
Bacalhau com Natas,5241123,2.49,"€7,11/kg",Continente,Congelados/Refeições Prontas,https://www.continente.pt/dw/image/v2/BDVS_PRD/on/demandware.static/-/Sites-col-master-catalog/default/dwa5c9a3a3/images/col/524/5241123-hero.jpg?sw=280&sh=280,emb. 350 gr,https://www.continente.pt/produto/bacalhau-com-natas-continente-5241123.html,congelados,2024-11-25,Continente
Calamares,8044632,2.69,"€5,38/kg",Continente,"Congelados/Salgados, Folhados e Pastelaria/Salgados",https://www.continente.pt/dw/image/v2/BDVS_PRD/on/demandware.static/-/Sites-col-master-catalog/default/dw3e0ff327/images/col/804/8044632-frente.jpg?sw=280&sh=280,emb. 500 gr,https://www.continente.pt/produto/calamares-continente-8044632.html,congelados,2024-11-25,Continente
Miolo de Berbigão Ultracongelado,6379230,6.99,"€27,96/kg",Continente,Frescos/Peixaria/Marisco/Congelado,https://www.continente.pt/dw/image/v2/BDVS_PRD/on/demandware.static/-/Sites-col-master-catalog/default/dw541045bd/images/col/637/6379230-cima.jpg?sw=280&sh=280,emb. 250 gr,https://www.continente.pt/produto/miolo-de-berbigao-ultracongelado-continente-6379230.html,congelados,2024-11-25,Continente
Gelado Iogurte e Framboesa,7756439,3.29,"€6,58/lt",Continente,Congelados/Gelados/Gelados Americanos,https://www.continente.pt/dw/image/v2/BDVS_PRD/on/demandware.static/-/Sites-col-master-catalog/default/dwa3f7a9fe/images/col/775/7756439-frente.jpg?sw=280&sh=280,emb. 500 ml,https://www.continente.pt/produto/gelado-iogurte-e-framboesa-continente-7756439.html,congelados,2024-11-25,Continente
Panquecas de Maçã e Aveia,7627277,3.29,"€13,71/kg",Continente,Congelados/Sobremesas/Crepes e Petit Gâteau,https://www.continente.pt/dw/image/v2/BDVS_PRD/on/demandware.static/-/Sites-col-master-catalog/default/dw728caef0/images/col/762/7627277-hero.jpg?sw=280&sh=280,emb. 240 gr,https://www.continente.pt/produto/panquecas-de-maca-e-aveia-continente-7627277.html,congelados,2024-11-25,Continente
Choco Limpo Higienizado Congelado,6845309,13.99,"€13,99/un",,"Frescos/Peixaria/Polvo, Lulas e Chocos/Congelado",https://www.continente.pt/dw/image/v2/BDVS_PRD/on/demandware.static/-/Sites-col-master-catalog/default/dw2c311baf/images/col/684/6845309-frente.jpg?sw=280&sh=280,Quant. Mínima = 1 kg,https://www.continente.pt/produto/choco-limpo-higienizado-congelado-6845309.html,congelados,2024-11-25,Continente
Especialidade de Cebola Roxa e Alecrim Vegan,7017345,4.29,"€13,41/kg",Linda McCartneys,Congelados/Refeições Prontas,https://www.continente.pt/dw/image/v2/BDVS_PRD/on/demandware.static/-/Sites-col-master-catalog/default/dwb09a0987/images/col/701/7017345-frente.jpg?sw=280&sh=280,emb. 270 gr,https://www.continente.pt/produto/especialidade-de-cebola-roxa-e-alecrim-vegan-linda-mccartneys-7017345.html,congelados,2024-11-25,Continente
Canelones Bolonhesa,8020934,2.29,"€5,73/kg",Continente,Campanhas/Campanhas Folhetos/Folheto Semanal,https://www.continente.pt/dw/image/v2/BDVS_PRD/on/demandware.static/-/Sites-col-master-catalog/default/dw005eba99/images/col/802/8020934-frente.jpg?sw=280&sh=280,emb. 400 gr,https://www.continente.pt/produto/canelones-bolonhesa-continente-8020934.html,congelados,2024-11-25,Continente
Lombos de Bacalhau MSC Curados com Flor de Sal Congelado,7303602,22.99,"€28,74/kg",Continente Seleção,Frescos/Peixaria/Bacalhau/Congelado,https://www.continente.pt/dw/image/v2/BDVS_PRD/on/demandware.static/-/Sites-col-master-catalog/default/dwa0cd693a/images/col/730/7303602-frente.jpg?sw=280&sh=280,emb. 800 gr,https://www.continente.pt/produto/lombos-de-bacalhau-msc-curados-com-flor-de-sal-congelado-continente-selecao-7303602.html,congelados,2024-11-25,Continente
Pop Nuggets,7363082,2.99,"€9,97/kg",Continente,Congelados/Nuggets e Crocantes,https://www.continente.pt/dw/image/v2/BDVS_PRD/on/demandware.static/-/Sites-col-master-catalog/default/dw6705a451/images/col/736/7363082-frente.jpg?sw=280&sh=280,emb. 300 gr,https://www.continente.pt/produto/pop-nuggets-continente-7363082.html,congelados,2024-11-25,Continente
Tikka Masala Frango com Arroz Basmati,8122088,3.99,"€9,97/kg",Iglo,Congelados/Refeições Prontas,https://www.continente.pt/dw/image/v2/BDVS_PRD/on/demandware.static/-/Sites-col-master-catalog/default/dw8113a56f/images/col/812/8122088-frente.png?sw=280&sh=280,emb. 400 gr,https://www.continente.pt/produto/tikka-masala-frango-com-arroz-basmati-iglo-8122088.html,congelados,2024-11-25,Continente
Gelado Double Gold Caramelo Billionaire,7335491,6.59,"€14,98/lt",Magnum,Congelados/Gelados/Gelados Americanos,https://www.continente.pt/dw/image/v2/BDVS_PRD/on/demandware.static/-/Sites-col-master-catalog/default/dwc38f85fe/images/col/733/7335491-hero.jpg?sw=280&sh=280,emb. 440 ml,https://www.continente.pt/produto/gelado-double-gold-caramelo-billionaire-magnum-7335491.html,congelados,2024-11-25,Continente
Tiras de Frango Panado,7646271,10.99,"€10,99/kg",Pescanova,Congelados/Douradinhos e Filetes,https://www.continente.pt/dw/image/v2/BDVS_PRD/on/demandware.static/-/Sites-col-master-catalog/default/dw80e690ca/images/col/764/7646271-frente.jpg?sw=280&sh=280,emb. 1 kg,https://www.continente.pt/produto/tiras-de-frango-panado-pescanova-7646271.html,congelados,2024-11-25,Continente
Rissóis de Carne,7156600,1.79,"€4,26/kg",Continente,"Congelados/Salgados, Folhados e Pastelaria/Salgados",https://www.continente.pt/dw/image/v2/BDVS_PRD/on/demandware.static/-/Sites-col-master-catalog/default/dw83b74453/images/col/715/7156600-hero.jpg?sw=280&sh=280,emb. 420 gr (10 un),https://www.continente.pt/produto/rissois-de-carne-continente-7156600.html,congelados,2024-11-25,Continente
Gelado Picolero Morango e Chocolate Vegan,8039791,4.99,"€15,99/lt",Solero,Congelados/Gelados/Gelados de Pauzinho,https://www.continente.pt/dw/image/v2/BDVS_PRD/on/demandware.static/-/Sites-col-master-catalog/default/dwd45e2d96/images/col/803/8039791-frente.png?sw=280&sh=280,emb. 312 ml (4 un),https://www.continente.pt/produto/gelado-picolero-morango-e-chocolate-vegan-solero-8039791.html,congelados,2024-11-25,Continente
Almôndegas Powered By Plants,7363121,4.08,"€11,33/kg",Continente,Congelados/Hambúrgueres e Almôndegas,https://www.continente.pt/dw/image/v2/BDVS_PRD/on/demandware.static/-/Sites-col-master-catalog/default/dw3477e2e4/images/col/736/7363121-hero.jpg?sw=280&sh=280,emb. 360 gr,https://www.continente.pt/produto/almondegas-powered-by-plants-continente-7363121.html,congelados,2024-11-25,Continente
O Gelado Caramelo Salgado com Pepitas de Caramelo,7781547,8.95,"€19,46/lt",,Congelados/Gelados/Gelados Americanos,https://www.continente.pt/dw/image/v2/BDVS_PRD/on/demandware.static/-/Sites-col-master-catalog/default/dw74197ae8/images/col/778/7781547-cima.jpg?sw=280&sh=280,emb. 460 ml,https://www.continente.pt/produto/o-gelado-caramelo-salgado-com-pepitas-de-caramelo-7781547.html,congelados,2024-11-25,Continente
"Gelado Wonder Toffee, Chocolate e Amêndoas Caramelizadas",7947249,5.49,"€20,33/lt",Magnum,Congelados/Gelados/Gelados de Pauzinho,https://www.continente.pt/dw/image/v2/BDVS_PRD/on/demandware.static/-/Sites-col-master-catalog/default/dw94696808/images/col/794/7947249-esquerdo.jpg?sw=280&sh=280,emb. 270 ml (3 un),https://www.continente.pt/produto/gelado-wonder-toffee-chocolate-e-amendoas-caramelizadas-magnum-7947249.html,congelados,2024-11-25,Continente
Mistura de Legumes Estilo Francês,6813891,2.29,"€3,05/kg",Continente,Congelados/Frutas e Legumes/Misturas de Legumes,https://www.continente.pt/dw/image/v2/BDVS_PRD/on/demandware.static/-/Sites-col-master-catalog/default/dw88aa58c8/images/col/681/6813891-frente.jpg?sw=280&sh=280,emb. 750 gr,https://www.continente.pt/produto/mistura-de-legumes-estilo-frances-continente-6813891.html,congelados,2024-11-25,Continente
Mexilhão Meia Concha da Nova Zelândia Ultracongelado,7515356,5.49,"€21,96/kg",Continente Seleção,Frescos/Peixaria/Marisco/Congelado,https://www.continente.pt/dw/image/v2/BDVS_PRD/on/demandware.static/-/Sites-col-master-catalog/default/dw1892ee9c/images/col/751/7515356-frente.jpg?sw=280&sh=280,emb. 250 gr,https://www.continente.pt/produto/mexilhao-meia-concha-da-nova-zelandia-ultracongelado-continente-selecao-7515356.html,congelados,2024-11-25,Continente
Gelado Espiral Monstrinhos,7760704,2.49,"€0,31/un",Continente,Congelados/Gelados/Gelados Infantis,https://www.continente.pt/dw/image/v2/BDVS_PRD/on/demandware.static/-/Sites-col-master-catalog/default/dw8d296d2c/images/col/776/7760704-hero.jpg?sw=280&sh=280,emb. 400 ml (8 un),https://www.continente.pt/produto/gelado-espiral-monstrinhos-continente-7760704.html,congelados,2024-11-25,Continente
Gelado Macaron Double Chocolate,7753798,5.79,"€13,79/lt",Häagen-Dazs,Congelados/Gelados/Gelados Americanos,https://www.continente.pt/dw/image/v2/BDVS_PRD/on/demandware.static/-/Sites-col-master-catalog/default/dwb8219b18/images/col/775/7753798-frente.jpg?sw=280&sh=280,emb. 420 ml,https://www.continente.pt/produto/gelado-macaron-double-chocolate-haagen-dazs-7753798.html,congelados,2024-11-25,Continente
Camarão de Madagáscar Selvagem Ultracongelado,7337338,5.79,"€14,48/kg",Continente,Frescos/Peixaria/Marisco/Congelado,https://www.continente.pt/dw/image/v2/BDVS_PRD/on/demandware.static/-/Sites-col-master-catalog/default/dw06d8a906/images/col/733/7337338-frente.jpg?sw=280&sh=280,emb. 400 gr,https://www.continente.pt/produto/camarao-de-madagascar-selvagem-ultracongelado-continente-7337338.html,congelados,2024-11-25,Continente
Wrap Ovos Mexidos e Salsichas,7795059,4.49,"€28,06/kg",Prozis,Congelados/Refeições Prontas,https://www.continente.pt/dw/image/v2/BDVS_PRD/on/demandware.static/-/Sites-col-master-catalog/default/dwc4ea9885/images/col/779/7795059-frente.jpg?sw=280&sh=280,emb. 160 gr,https://www.continente.pt/produto/wrap-ovos-mexidos-e-salsichas-prozis-7795059.html,congelados,2024-11-25,Continente
Preparado para Arroz de Tamboril e Camarão Congelado,8104142,6.99,"€11,65/kg",Continente,Frescos/Peixaria/Peixe Congelado,https://www.continente.pt/dw/image/v2/BDVS_PRD/on/demandware.static/-/Sites-col-master-catalog/default/dw7509a91c/images/col/810/8104142-topshot.jpg?sw=280&sh=280,emb. 600 gr,https://www.continente.pt/produto/preparado-para-arroz-de-tamboril-e-camarao-congelado-continente-8104142.html,congelados,2024-11-25,Continente
Nachos Queijo Triângulos Pickers,8009596,3.79,"€16,48/kg",McCain,Congelados/Nuggets e Crocantes,https://www.continente.pt/dw/image/v2/BDVS_PRD/on/demandware.static/-/Sites-col-master-catalog/default/dwfcb88ea1/images/col/800/8009596-frente.png?sw=280&sh=280,emb. 230 gr (9 a 12 un),https://www.continente.pt/produto/nachos-queijo-triangulos-pickers-mccain-8009596.html,congelados,2024-11-25,Continente
Gelado Proteína Caramelo Salgado,8020413,3.29,"€6,58/lt",Continente,Congelados/Gelados/Gelados Americanos,https://www.continente.pt/dw/image/v2/BDVS_PRD/on/demandware.static/-/Sites-col-master-catalog/default/dw60455e43/images/col/802/8020413-frente.jpg?sw=280&sh=280,emb. 500 ml,https://www.continente.pt/produto/gelado-proteina-caramelo-salgado-continente-8020413.html,congelados,2024-11-25,Continente
Croissant com Creme de Ovo,7866782,22.28,"€14,84/kg",Panike,"Congelados/Salgados, Folhados e Pastelaria/Pastelaria Doce",https://www.continente.pt/dw/image/v2/BDVS_PRD/on/demandware.static/-/Sites-col-master-catalog/default/dw4bfd1ac3/images/col/786/7866782-frente-amb.png?sw=280&sh=280,emb. 23 un,https://www.continente.pt/produto/croissant-com-creme-de-ovo-panike-7866782.html,congelados,2024-11-25,Continente
Porções de Atum-Albacora MSC Marinado Ultracongelado,7574671,5.99,"€23,96/kg",Kold Fin,Frescos/Peixaria/Peixe Congelado,https://www.continente.pt/dw/image/v2/BDVS_PRD/on/demandware.static/-/Sites-col-master-catalog/default/dw67131153/images/col/757/7574671-frente.jpg?sw=280&sh=280,emb.250 gr,https://www.continente.pt/produto/porcoes-de-atum-albacora-msc-marinado-ultracongelado-kold-fin-7574671.html,congelados,2024-11-25,Continente
Gelado Magnífico Pipoca e Caramelo,8020305,2.49,"€0,62/un",Continente,Congelados/Gelados/Gelados de Pauzinho,https://www.continente.pt/dw/image/v2/BDVS_PRD/on/demandware.static/-/Sites-col-master-catalog/default/dw5de43db7/images/col/802/8020305-frente.jpg?sw=280&sh=280,emb. 4 un,https://www.continente.pt/produto/gelado-magnifico-pipoca-e-caramelo-continente-8020305.html,congelados,2024-11-25,Continente
Pato Inteiro com Miúdos Congelado,6218899,4.49,"€11,23/un",Continente,Frescos/Talho/Pato e Coelho,https://www.continente.pt/dw/image/v2/BDVS_PRD/on/demandware.static/-/Sites-col-master-catalog/default/dw70742b93/images/col/621/6218899-frente.jpg?sw=280&sh=280,"emb. 2,5 kg (aprox.)",https://www.continente.pt/produto/pato-inteiro-com-miudos-congelado-continente-6218899.html,congelados,2024-11-25,Continente
Gelado Chocolate e Brownie Vegan,7800882,5.99,"€11,98/lt",Swee,Congelados/Gelados/Gelados Americanos,https://www.continente.pt/dw/image/v2/BDVS_PRD/on/demandware.static/-/Sites-col-master-catalog/default/dw895b3c7d/images/col/780/7800882-frente.png?sw=280&sh=280,emb. 500 ml,https://www.continente.pt/produto/gelado-chocolate-e-brownie-vegan-swee-7800882.html,congelados,2024-11-25,Continente
Gelado Caramelo e Brownie Vegan,7800880,5.99,"€11,98/lt",Swee,Congelados/Gelados/Gelados Americanos,https://www.continente.pt/dw/image/v2/BDVS_PRD/on/demandware.static/-/Sites-col-master-catalog/default/dwa3fbc722/images/col/780/7800880-frente.png?sw=280&sh=280,emb. 500 ml,https://www.continente.pt/produto/gelado-caramelo-e-brownie-vegan-swee-7800880.html,congelados,2024-11-25,Continente
Gelado Half Baked,7947233,6.79,"€14,60/lt",Ben & Jerrys,Congelados/Gelados/Gelados Americanos,https://www.continente.pt/dw/image/v2/BDVS_PRD/on/demandware.static/-/Sites-col-master-catalog/default/dw183ab74e/images/col/794/7947233-frente.jpg?sw=280&sh=280,emb. 465 ml,https://www.continente.pt/produto/gelado-half-baked-ben-jerrys-7947233.html,congelados,2024-11-25,Continente
Perca do Nilo sem Cabeça Congelada,2213943,9.99,"€27,97/un",,Frescos/Peixaria/Peixe Congelado,https://www.continente.pt/dw/image/v2/BDVS_PRD/on/demandware.static/-/Sites-col-master-catalog/default/dw055aa605/images/col/221/2213943-frente.jpg?sw=280&sh=280,"Quant. Mínima = 2,8 kg",https://www.continente.pt/produto/perca-do-nilo-sem-cabeca-congelada-2213943.html,congelados,2024-11-25,Continente
Pastéis de Legumes,6470679,4.39,"€15,68/kg",Veggis,"Congelados/Salgados, Folhados e Pastelaria/Salgados",https://www.continente.pt/dw/image/v2/BDVS_PRD/on/demandware.static/-/Sites-col-master-catalog/default/dwb99e1281/images/col/647/6470679-frente.jpg?sw=280&sh=280,emb. 280 gr,https://www.continente.pt/produto/pasteis-de-legumes-veggis-6470679.html,congelados,2024-11-25,Continente
Polpa de Maracujá,6191182,4.99,"€12,48/kg",Brasfrut,Congelados/Frutas e Legumes/Frutas,https://www.continente.pt/dw/image/v2/BDVS_PRD/on/demandware.static/-/Sites-col-master-catalog/default/dw574eb4b2/images/col/619/6191182-frente.jpg?sw=280&sh=280,emb. 400 gr,https://www.continente.pt/produto/polpa-de-maracuja-brasfrut-6191182.html,congelados,2024-11-25,Continente
Gamba Rosa de Moçambique Ultracongelada,7465518,9.99,"€12,49/kg",Continente Seleção,Frescos/Peixaria/Marisco/Congelado,https://www.continente.pt/dw/image/v2/BDVS_PRD/on/demandware.static/-/Sites-col-master-catalog/default/dwda6e306a/images/col/746/7465518-frente.jpg?sw=280&sh=280,emb. 800 gr,https://www.continente.pt/produto/gamba-rosa-de-mocambique-ultracongelada-continente-selecao-7465518.html,congelados,2024-11-25,Continente
O Gelado Maracujá Vegan,7616133,8.95,"€19,46/lt",,Congelados/Gelados/Gelados Americanos,https://www.continente.pt/dw/image/v2/BDVS_PRD/on/demandware.static/-/Sites-col-master-catalog/default/dwdd5e2372/images/col/761/7616133-hero.jpg?sw=280&sh=280,emb. 460 ml,https://www.continente.pt/produto/o-gelado-maracuja-vegan-7616133.html,congelados,2024-11-25,Continente
,,0.0,"€17,54/lt",,,https://www.continente.pt/dw/image/v2/BDVS_PRD/on/demandware.static/-/Sites-col-master-catalog/default/dw71a59c6b/images/col/794/7947237-frente.jpg?sw=280&sh=280,emb. 427 ml,https://www.continente.pt/produto/gelado-marshmallow-smore-sundae-ben-jerrys-7947237.html,congelados,2024-11-25,Continente
Gelado Mini Double Sunlover,7724755,4.19,"€12,70/lt",Magnum,Congelados/Gelados/Gelados de Pauzinho,https://www.continente.pt/dw/image/v2/BDVS_PRD/on/demandware.static/-/Sites-col-master-catalog/default/dw86cf2a65/images/col/772/7724755-hero.jpg?sw=280&sh=280,emb. 330 ml (6 un),https://www.continente.pt/produto/gelado-mini-double-sunlover-magnum-7724755.html,congelados,2024-11-25,Continente
Gelado Mirtilo e Baunilha,8015100,5.79,"€13,79/lt",Häagen-Dazs,Congelados/Gelados/Gelados Americanos,https://www.continente.pt/dw/image/v2/BDVS_PRD/on/demandware.static/-/Sites-col-master-catalog/default/dw8c63cab7/images/col/801/8015100-frente.jpg?sw=280&sh=280,emb. 420 ml,https://www.continente.pt/produto/gelado-mirtilo-e-baunilha-haagen-dazs-8015100.html,congelados,2024-11-25,Continente
Lombos de Escamudo MSC Congelado,7981274,6.19,"€11,68/kg",Riberalves,Frescos/Peixaria/Bacalhau/Congelado,https://www.continente.pt/dw/image/v2/BDVS_PRD/on/demandware.static/-/Sites-col-master-catalog/default/dw894332c5/images/col/798/7981274-topshot.jpg?sw=280&sh=280,emb. 530 gr,https://www.continente.pt/produto/lombos-de-escamudo-msc-congelado-riberalves-7981274.html,congelados,2024-11-25,Continente
Sardinha Nacional Inteira Congelada,7967940,6.49,"€6,49/kg",Continente,Frescos/Peixaria/Peixe Congelado,https://www.continente.pt/dw/image/v2/BDVS_PRD/on/demandware.static/-/Sites-col-master-catalog/default/dw9f3f0069/images/col/796/7967940-frente.jpg?sw=280&sh=280,emb. 1 kg (aprox.),https://www.continente.pt/produto/sardinha-nacional-inteira-congelada-continente-7967940.html,congelados,2024-11-25,Continente
Gelado Chocolate Branco,7754923,5.49,"€27,45/kg",Ferrero,Congelados/Gelados/Gelados de Pauzinho,https://www.continente.pt/dw/image/v2/BDVS_PRD/on/demandware.static/-/Sites-col-master-catalog/default/dw9f88b2b9/images/col/775/7754923-frente.jpg?sw=280&sh=280,emb. 200 gr (4 un),https://www.continente.pt/produto/gelado-chocolate-branco-ferrero-7754923.html,congelados,2024-11-25,Continente
Gelado Cone Chocolate Nocilla,8066847,5.99,"€16,64/lt",Cornetto,Congelados/Gelados/Gelados de Cone,https://www.continente.pt/dw/image/v2/BDVS_PRD/on/demandware.static/-/Sites-col-master-catalog/default/dw03f3b3ec/images/col/806/8066847-frente.png?sw=280&sh=280,emb. 360 ml (4 un),https://www.continente.pt/produto/gelado-cone-chocolate-nocilla-cornetto-8066847.html,congelados,2024-11-25,Continente
Pizza Heura com base de Couve Flor Vegan,8017871,5.99,"€13,02/kg",Coliflow,Congelados/Pizzas,https://www.continente.pt/dw/image/v2/BDVS_PRD/on/demandware.static/-/Sites-col-master-catalog/default/dw9c19497f/images/col/801/8017871-frente.jpg?sw=280&sh=280,emb. 460 gr,https://www.continente.pt/produto/pizza-heura-com-base-de-couve-flor-vegan-coliflow-8017871.html,congelados,2024-11-25,Continente
Gelado Cookie Vermont-Ster Sundae,7521724,7.49,"€17,54/lt",Ben & Jerrys,Congelados/Gelados/Gelados Americanos,https://www.continente.pt/dw/image/v2/BDVS_PRD/on/demandware.static/-/Sites-col-master-catalog/default/dwacb8dd9a/images/col/752/7521724-hero.jpg?sw=280&sh=280,emb. 427 ml,https://www.continente.pt/produto/gelado-cookie-vermont-ster-sundae-ben-jerrys-7521724.html,congelados,2024-11-25,Continente
Choco Pequeno com Tinta Congelado,7399866,6.99,"€8,74/kg",Continente,"Frescos/Peixaria/Polvo, Lulas e Chocos/Congelado",https://www.continente.pt/dw/image/v2/BDVS_PRD/on/demandware.static/-/Sites-col-master-catalog/default/dw0bf195ed/images/col/739/7399866-frente.jpg?sw=280&sh=280,emb. 800 gr,https://www.continente.pt/produto/choco-pequeno-com-tinta-congelado-continente-7399866.html,congelados,2024-11-25,Continente
Gelado Sunny Honey Home,7834376,6.79,"€14,60/lt",Ben & Jerrys,Congelados/Gelados/Gelados Americanos,https://www.continente.pt/dw/image/v2/BDVS_PRD/on/demandware.static/-/Sites-col-master-catalog/default/dwfcb37b61/images/col/783/7834376-hero.jpg?sw=280&sh=280,emb. 465 ml,https://www.continente.pt/produto/gelado-sunny-honey-home-ben-jerrys-7834376.html,congelados,2024-11-25,Continente
Croissant Simples,7866776,15.74,"€10,49/kg",Panike,"Congelados/Salgados, Folhados e Pastelaria/Pastelaria Doce",https://www.continente.pt/dw/image/v2/BDVS_PRD/on/demandware.static/-/Sites-col-master-catalog/default/dwb1476be8/images/col/786/7866776-frente-amb.png?sw=280&sh=280,emb. 20 un,https://www.continente.pt/produto/croissant-simples-panike-7866776.html,congelados,2024-11-25,Continente
Lombos de Bacalhau 9 Meses de Cura Congelado,8020932,19.99,"€33,32/kg",Caxamar,Frescos/Peixaria/Bacalhau/Congelado,https://www.continente.pt/dw/image/v2/BDVS_PRD/on/demandware.static/-/Sites-col-master-catalog/default/dw9a68c44b/images/col/802/8020932-direito.jpg?sw=280&sh=280,emb. 600 gr,https://www.continente.pt/produto/lombos-de-bacalhau-9-meses-de-cura-congelado-caxamar-8020932.html,congelados,2024-11-25,Continente
